Localisation,Rack,Nom du matériel,Type,Nb Elts,Architecture,U,MARQUE,MODELE,numéro de série,CONSO(Watt),I,PDUOndulé,PDUNormal,cluster,critique,domaine,gestion,Action,Phase,Salle,Îlot,"FCTotal","FCUtilisé","RJ45Total","RJ45Utilisé","RJ45Futur","IPMIUtilisé","IPMIFutur","RJ45CM","IPMIDédié",Slot 1,Slot 2,Slot 3,Slot 4,Slot 5,Slot 6,Slot 7,,,,,,
TPA 1,Droite,ACTARUS,Baie de disques,1,Rackable,4,DELL,EqualLogic PS6100,BWGBF02,1080,,,,∞,,bureautique,ATL,Déménagement,4,S1,3,,0,,10,,,,,,,,,,,,,,,,,,
TPA 1,Droite,ALCOR,Baie de disques,1,Rackable,4,DELL,EqualLogic PS6100,5QP5G5J,1080,,,,∞,,bureautique,ATL,Déménagement,4,S1,3,,0,,10,,,,,,,,,,,,,,,,,,
TPA 1,Droite,CDL-AUTH-02,Serveur,1,Rackable,2,DELL,PowerEdge R810,159M15J,1100,,,,,,ATL – authentification,ATL,Déménagement,4,S1,3,,0,,1,,,,4,,,,,,,,,,,,,,
TPA 1,Droite,CENTREON,Serveur,1,Rackable,2,HP,Proliant DL380G7,CZ31535FEY,460,,,,,,ATL – administration,ATL,Déménagement,4,S1,3,,0,,2,,,,,,,,,,,,,,,,,,
TPA 1,Droite,CITRIX-VDI,Serveur,1,Rackable,2,DELL,PowerEdge R720,BJPM5Y1,1100,,,,,,ATL – administration,ATL,Déménagement,4,S1,3,,0,,3,,,,4,,,,,,,,,,,,,,
TPA 1,Droite,GLPI,Serveur,1,Rackable,5,DELL,PowerEdge T610,BWH3Y4J,870,,,,,,ATL – administration,ATL,Déménagement,4,S1,3,,0,,5,,,,,,,,,,,,,,,,,,
TPA 1,Droite,R730-1.AUTH.RITAC.I2,Serveur,1,Rackable,2,DELL,PowerEdge R730,9HGMS62,750,,,,∞,,bureautique,ATL,Déménagement,4,S1,3,,0,,13,,,,4,,,,,,,,,,,,,,
TPA 1,Droite,R730-2.AUTH.RITAC.I2,Serveur,1,Rackable,2,DELL,PowerEdge R730,9HHKS62,750,,,,∞,,bureautique,ATL,Déménagement,4,S1,3,,0,,13,,,,4,,,,,,,,,,,,,,
TPA 1,Gauche,AUTH-VAUBAN,Serveur,1,Rackable,1,DELL,PowerEdge 860,9M0RG3J,345,,,,,,ATL – administration,ATL,Déménagement,4,S1,3,,0,,2,,,,,,,,,,,,,,,,,,
TPA 1,Gauche,CDL-AUTH-01,Serveur,1,Rackable,1,DELL,PowerEdge 860,8M0RG3J,345,,,,,,ATL – authentification,ATL,Déménagement,4,S1,3,,0,,1,,,,,,,,,,,,,,,,,,
TPA 1,Gauche,EX-FOG,Serveur,1,Rackable,5,DELL,PowerEdge 2900,FG6Y63J ,930,,,,,,ATL – administration,ATL,Déménagement,4,S1,3,,0,,1,,,,,,,,,,,,,,,,,,
TPA 1,Gauche,FOG,Serveur,1,Rackable,2,HP,Proliant DL380G7,CZ3217FM7T,460,,,,,,ATL – administration,ATL,Déménagement,4,S1,3,,0,,1,,,,,,,,,,,,,,,,,,
TPA 1,Gauche,GRPAPPLIS,Baie de disques,1,Rackable,4,DELL,EqualLogic PS6100XV,GJKSD5J,700,,,,∞,,ATL – applicatif,ATL,Déménagement,4,S1,3,,0,,10,,,,,,,,,,,,,,,,,,
TPA 1,Gauche,GRPREPLICA,Baie de disques,1,Rackable,3,DELL,EqualLogic PS6000,7YDCCG1,440,,,,,,ATL – applicatif,ATL,Déménagement,4,Stock,,,,,,,,,,,,,,,,,,,,,,,
TPA 1,Gauche,GRPVEEAM,Baie de disques,1,Rackable,3,DELL,EqualLogic PS6000,5CNKWP1,440,,,,∞,,ATL – applicatif,ATL,Déménagement,4,S1,3,,0,,8,,,,,,,,,,,,,,,,,,
TPA 1,Gauche,HP01.AUTH.RITAC.I2,Serveur,1,Rackable,1,HP,Proliant DL360pG8,CZJ422010L,750,,,,∞,,ATL – applicatif,ATL,Déménagement,4,S1,3,,0,,9,,,,,,,,,,,,,,,,,,
TPA 1,Gauche,HP02.AUTH.RITAC.I2,Serveur,1,Rackable,1,HP,Proliant DL360pG8,CZJ422010M,750,,,,∞,,ATL – applicatif,ATL,Déménagement,4,S1,3,,0,,9,,,,,,,,,,,,,,,,,,
TPA 1,Gauche,HP03.AUTH.RITAC.I2,Serveur,1,Rackable,1,HP,Proliant DL360pG8,CZJ422010J,750,,,,∞,,ATL – applicatif,ATL,Déménagement,4,S1,3,,0,,9,,,,,,,,,,,,,,,,,,
TPA 1,Gauche,HP04.AUTH.RITAC.I2,Serveur,1,Rackable,1,HP,Proliant DL360pG8,CZJ422010K,750,,,,∞,,ATL – applicatif,ATL,Déménagement,4,S1,3,,0,,9,,,,,,,,,,,,,,,,,,
TPA 1,Gauche,NEOCORTECH,Serveur,1,Rackable,5,DELL,PowerEdge T610,9WH3Y4J,870,,,,,,ATL – administration,ATL,Déménagement,4,S1,3,,0,,3,,,,,,,,,,,,,,,,,,
TPA 1,Gauche,NEW-VAUBAN,Serveur,1,Rackable,1,DELL,PowerEdge R420,4QCYH42,550,,,,,,ATL – administration,ATL,Déménagement,4,S1,3,,0,,3,,,,,,,,,,,,,,,,,,
TPA 1,Table,,Baie de disques,1,Rackable,3,DELL,EqualLogic PS6000XV,53VG3H1,440,,,,,,bureautique,ATL,Déménagement,4,Stock,,,0,,8,,,,,,,,,,,,,,,,,,
TPA 1,TPA12,,Baie de disques,1,Rackable,3,DELL,EqualLogic PS6000,4Z6XMQ1,440,,,,∞,,stock,ATL,Déménagement,4,Stock,,,0,,8,,,,,,,,,,,,,,,,,,
TPA 12,TPA12,AUTH-ROBOT,Librairie,1,Rackable,4,DELL,PowerVault TL4000,43NRJL1,180,,,,,,ATL – sauvegarde,ATL,Déménagement,4,S1,3,,0,,1,,,,,,,,,,,,,,,,,,
TPA 12,TPA12,HP-SAUV,Baie de disques,1,Rackable,2,HP,StorageWorks P2000 G3,2S6416C054,300,,,,,,ATL – sauvegarde,ATL,Déménagement,4,S1,3,,0,,6,,,,,,,,,,,,,,,,,,
TPA 12,TPA12,HP-SAUV-1,Baie de disques,1,Rackable,2,HP,StorageWorks D2600 SAS,7CE414P0DB,300,,,,,,ATL – sauvegarde,ATL,Déménagement,4,S1,3,,0,,0,,,,,,,,,,,,,,,,,,
TPA 12,TPA12,HP-SAUV-2,Baie de disques,1,Rackable,2,HP,StorageWorks D2600 SAS,7CE414P0W1,300,,,,,,ATL – sauvegarde,ATL,Déménagement,4,S1,3,,0,,0,,,,,,,,,,,,,,,,,,
TPA 12,TPA12,HP-SAUV-3,Baie de disques,1,Rackable,2,HP,StorageWorks D2600 SAS,7CE414P0DE,300,,,,,,ATL – sauvegarde,ATL,Déménagement,4,S1,3,,0,,0,,,,,,,,,,,,,,,,,,
TPA 12,TPA12,REPL-APPLIS-0,Baie de disques,1,Rackable,3,DELL,EqualLogic PS6000,6BNKWP1,440,,,,,,ATL – applicatif,ATL,Déménagement,4,S1,3,,0,,0,,,,,,,,,,,,,,,,,,
TPA 12,TPA12,REPL-APPLIS-1,Baie de disques,1,Rackable,3,DELL,EqualLogic PS6000,DCPKWP1,440,,,,,,ATL – applicatif,ATL,Déménagement,4,S1,3,,0,,0,,,,,,,,,,,,,,,,,,
TPA 12,TPA12,TINA,Serveur,1,Rackable,2,DELL,PowerEdge R710,27HNP4J,570,,,,,,ATL – sauvegarde,ATL,Déménagement,4,S1,3,,0,,5,,,,4,,,,,,,,,,,,,,
TPA 12,TPA12,,Baie de disques,1,Rackable,3,DELL,EqualLogic PS6000,GL9HYH1,440,,,,,,stock,ATL,Déménagement,4,Stock,,,0,,0,,,,,,,,,,,,,,,,,,
TPA 12,TPA12,,Baie de disques,1,Rackable,3,DELL,EqualLogic PS6000,C27XMQ1,440,,,,,,stock,ATL,Déménagement,4,Stock,,,0,,0,,,,,,,,,,,,,,,,,,
TPA 12,TPA12,,Baie de disques,1,Rackable,3,DELL,EqualLogic PS6000,FF7CVL1,440,,,,,,stock,ATL,Déménagement,4,Stock,,,0,,0,,,,,,,,,,,,,,,,,,
TPB -1,A venir,H-DNSRIE-CACHEPUB-PARIS02,,1,Rackable,2,DELL,,,,,,,∞,,Cluster admin,DOIP,Déménagement,2,S2,1,,,,,,,,,,,,,,,,,,,,,,
TPB -1,ATL,"Dxi 6702 – EXT1, 2, 3 System Node",Baie de disques,4,Rackable,9,QUANTUM,Dxi 6702,,1260,"5,48",,,,,Sauvegarde,DOIP,Déménagement,4,S1,2,4,4,,2,,,,2,,4FC,,,,,,,,,,,,
TPB -1,ATL,MIZAR,Baie de disques,1,Rackable,4,DELL,EqualLogic PS6100,HVN5G5J,1080,"4,70",,,∞,,bureautique,ATL,Déménagement,4,S1,3,0,0,,10,,,,8,2,,,,,,,,,,,,,
TPB -1,ATL,R910-1.AUTH.RITAC.I2,Serveur,1,Rackable,4,DELL,PowerEdge R910,GF3K15J,540,"2,35",,,∞,,bureautique,ATL,Déménagement,4,S1,3,0,0,,11,,,,4,1,2RJ,0,4RJ,2RJ,,,,,,,,,
TPB -1,ATL,R910-2.AUTH.RITAC.I2,Serveur,1,Rackable,4,DELL,PowerEdge R910,HF3K15J,540,"2,35",,,∞,,bureautique,ATL,Déménagement,4,S1,3,0,0,,11,,,,4,1,2RJ,0,2RJ,2RJ,,,,,,,,,
TPB -1,ATL,VENUSIA,Baie de disques,1,Rackable,4,DELL,EqualLogic PS6100,DVGBF02,1080,"4,70",,,∞,,bureautique,ATL,Déménagement,4,S1,3,0,0,,10,,,,8,,,,,,,,,,,,,,
TPB -1,CGEDD,CGEDD – Netapp,Baie de disques,2,Rackable,6,NETAPP,FAS 2040 / DS 4243,,1350,"5,87",,,,,Singleton DG,CGEDD,Déménagement,3,S1,3,0,0,,6,,,,6,,,,,,,,,,,,,,
TPB -1,CGEDD,CGEDD – SAE,Serveur,1,Tour,10,DELL,PowerEdge 840,597BB4J,420,"1,83",,,,,Singleton DG,CGEDD,A virtualiser,0,,,0,0,,1,,,,1,,,,,,,,,,,,,,
TPB -1,CGEDD,CGEDD – SIMP1,Serveur,1,Tour,10,HP,Proliant ML150G6,CZ31535E77,,"0,00",,,,,Singleton DG,CGEDD,A virtualiser,0,,,0,0,,1,,,,1,,,,,,,,,,,,,,
TPB -1,DEM1,AM1-02,Serveur,1,Rackable,2,DELL,PowerEdge R820,8LGZ7X1,168,"0,73",,,∞,,Cluster Messagerie,DOIP,Déménagement,2,S2,1,2,2,,3,,,,4,1,,,,,,2FC,,,,,,,
TPB -1,DEM1,AM2-02,Serveur,1,Rackable,2,DELL,PowerEdge R820,DLGZ7X1,168,"0,73",,,∞,,Cluster Messagerie,DOIP,Déménagement,2,S2,1,2,2,,3,,,,4,1,,,,,,2FC,,,,,,,
TPB -1,DEM1,AM3-02,Serveur,1,Rackable,2,DELL,PowerEdge R810,JT2YD5J,414,"1,80",,,∞,,Cluster Messagerie,DOIP,Déménagement,2,S2,1,2,2,,3,,,,4,1,2FC,,2RJ,,,,,,,,,,
TPB -1,DEM1,AM4-02,Serveur,1,Rackable,2,DELL,PowerEdge R810,1JLT75J,402,"1,75",,,∞,,Cluster Messagerie,DOIP,Déménagement,2,S2,1,2,2,,3,,,,4,0,,2FC,,,,,,,,,,,
TPB -1,DEM1,AM5-02,Serveur,1,Rackable,2,DELL,PowerEdge R820,BLGZ7X1,154,"0,67",,,∞,,Cluster Messagerie,DOIP,Déménagement,2,S2,1,2,2,,3,,,,4,1,,,,,,2FC,,,,,,,
TPB -1,DEM1,AM6-02,Serveur,1,Rackable,2,DELL,PowerEdge R810,2JLT75J,392,"1,70",,,∞,,Cluster Messagerie,DOIP,Déménagement,2,S2,1,2,2,,3,,,,4,0,,,,,1FC,1FC,,,,,,,
TPB -1,DEM1,AM8-02,Serveur,1,Rackable,2,DELL,PowerEdge R810,6JLT75J,386,"1,68",,,∞,,Cluster Messagerie,DOIP,Déménagement,2,S2,1,2,2,,3,,,,4,0,,,,,1FC,1FC,,,,,,,
TPB -1,DEM1,H-CS-02,Serveur,1,Rackable,4,DELL,PowerEdge R900,4BHBF4J,770,"3,35",,,∞,,Cluster admin,DOIP,Déménagement,2,S2,1,4,2,,6,,,,4,1,,,2FC,2FC,1RJ,1RJ,,,,,,,
TPB -1,DEM1,H-M2-02,Serveur,1,Rackable,4,DELL,PowerEdge R900,6BHBF4J,770,"3,35",,,∞,,Cluster Messagerie,DOIP,Déménagement,2,S2,1,2,2,,6,,,,4,1,,,2FC,2FC,1RJ,1RJ,,,,,,,
TPB -1,DEM1,H-SEC-02,Serveur,1,Rackable,1,DELL,PowerEdge R730,79XWH82,322,,,,∞,,Cluster admin,DOIP,Déménagement,2,S2,1,,,,2,,,,4,1,,,,2RJ,,2RJ,,,,,,,
TPB -1,DEM1,HORDE-04,Serveur,1,Rackable,4,DELL,PowerEdge 6850,84TXB3J,760,"3,30",,,∞,,Cluster Messagerie,DOIP,Déménagement,2,S2,1,0,0,,1,,,,2,0,1,,1,,,,VGA,,,,,,
TPB -1,DEM1,HORDE-06,Serveur,1,Rackable,4,DELL,PowerEdge 6850,B4TXB3J,760,"3,30",,,∞,,Cluster Messagerie,DOIP,Déménagement,2,S2,1,0,0,,1,,,,2,0,1,,1,,,,VGA,,,,,,
TPB -1,DEM2,DNS-CS-02,Serveur,1,Rackable,1,DELL,PowerEdge R410,CWV6X4J,143,"0,62",,,,,Singleton admin,DOIP,Déménagement,4,Stock,,0,0,,0,,,,2,0,,,,,,,,,,,,,
TPB -1,DEM2,ELASTIC-02,Serveur,1,Rackable,1,DELL,PowerEdge R610,DBD2F4J,190,"0,83",,,∞,,Cluster admin,DOIP,Déménagement,2,S2,1,0,0,,1,,,,4,0,,2RJ,,,,,,,,,,,
TPB -1,DEM2,H-ACAI-05,Serveur,1,Rackable,2,DELL,PowerEdge R820,CPH4ZZ1,196,"0,85",,,∞,,Cluster admin,DOIP,Déménagement,4,S1,1,2,2,,6,,,,4,1,4RJ,1FC,,,,1FC,,,,,,,
TPB -1,DEM2,H-ACAI-07,Serveur,1,Rackable,2,DELL,PowerEdge R820,8PH4ZZ1,196,"0,85",,,∞,,Cluster admin,DOIP,Déménagement,4,S1,1,2,2,,6,,,,4,1,4RJ,1FC,,,,1FC,,,,,,,
TPB -1,DEM2,H-DEV-02,Serveur,1,Rackable,2,DELL,PowerEdge 2950,B5QM03J,350,"1,52",,,∞,,Cluster admin,DOIP,Déménagement,2,S1,1,2,2,,3,,,,2,0,2FC,2RJ,2RJ,,,,,,,,,,
TPB -1,DEM2,H-RIE-PARIS02,Serveur,1,Rackable,2,DELL,PowerEdge R810,GHLT75J,370,"1,61",,,∞,,Cluster admin,DOIP,Déménagement,2,S2,1,0,0,,4,,,,4,0,,,,,,,,,,,,,
TPB -1,DEM2,H-SGBD-02,Serveur,1,Rackable,2,DELL,PowerEdge R820,6Z4LJ32,252,"1,10",,,∞,,Cluster admin,DOIP,Déménagement,2,S2,1,2,2,,4,,,,4,1,,,1FC,1FC,4RJ,4RJ,,,,,,,
TPB -1,DEM2,LDAPAP-02,Serveur,1,Rackable,1,DELL,PowerEdge R410,BM6YT4J,154,"0,67",,,∞,,Cluster Messagerie,DOIP,Déménagement,2,S2,1,0,0,,2,,,,2,0,,,,,,,,,,,,,
TPB -1,DEM2,LDAPCL-02,Serveur,1,Rackable,1,DELL,PowerEdge R410,9M6YT4J,187,"0,81",,,∞,,Cluster Messagerie,DOIP,Déménagement,2,S2,1,0,0,,2,,,,2,0,,,,,,,,,,,,,
TPB -1,DEM2,LDAPSMB-04,Serveur,1,Rackable,1,DELL,PowerEdge R610,H8FT75J,178,"0,77",,,∞,,Cluster Messagerie,DOIP,Déménagement,4,Stock,,0,0,,1,,,,4,0,,,,,,,,,,,,,
TPB -1,DEM2,LDAPSMB-06,Serveur,1,Rackable,4,DELL,PowerEdge R900,6NVTQ3J,770,"3,35",,,∞,,Cluster Messagerie,DOIP,Déménagement,4,Stock,,2,2,,2,,,,4,0,,,,,,1FC,1FC,,,,,,
TPB -1,DEM2,NSS-02,Serveur,1,Rackable,2,DELL,PowerEdge R710,JSX4H4J,228,"0,99",,,∞,,Virtualisation de stockage,DOIP,Déménagement,1,S2,1,6,6,,4,,,,4,0,2FC,2FC,2FC,2RJ,,,,,,,,,
TPB -1,DEM2,NTP-02,Serveur,1,Rackable,1,DELL,PowerEdge R410,3MPH05J,153,,,,∞,,Cluster admin,DOIP,Déménagement,2,S2,1,,,,2,,,,2,1,,,,,,,,,,,,,
TPB -1,DEM2,RELTRANET-02,Serveur,1,Rackable,4,DELL,PowerEdge 6850,HMG6B3J,760,"3,30",,,∞,,Cluster Messagerie,DOIP,Déménagement,2,S2,1,0,0,,1,,,,2,0,,,,,,,,,,,,,
TPB -1,DEM2,RELTRANET-04,Serveur,1,Rackable,4,DELL,PowerEdge 6850,2NG6B3J,760,"3,30",,,∞,,Cluster Messagerie,DOIP,Déménagement,2,S2,1,0,0,,1,,,,2,0,,,,,,,,,,,,,
TPB -1,DEM2,SGBD-PRODM2-02,Serveur,1,Rackable,2,DELL,PowerEdge R810,GWT3Y4J,418,"1,82",,,∞,,Cluster Messagerie,DOIP,Déménagement,4,Stock,,2,2,,2,,,,4,0,2RJ,2FC,,,,2SAS,,,,,,,
TPB -1,DEM2,,Serveur,1,Rackable,1,DELL,PowerEdge R610,,177,"0,77",,,,,Stock,DOIP,Déménagement,4,Stock,,1,2,,0,,,,4,,,,,,,,,,,,,,
TPB -1,DEM3,DAVYCAL-04,Serveur,1,Rackable,2,DELL,PowerEdge R810,34Y6X4J,424,"1,84",,,∞,,Cluster Messagerie,DOIP,Déménagement,2,S2,1,0,0,,1,,,,4,0,,,,,,,,,,,,,
TPB -1,DEM3,LDAPBA-02,Serveur,1,Rackable,2,DELL,PowerEdge R710,GFC2F4J,228,"0,99",,,∞,,Cluster Messagerie,DOIP,Déménagement,2,S2,1,0,0,,2,,,,4,0,2RJ,,,,,,,,,,,,
TPB -1,DEM3,LDAPMAHA-02,Serveur,1,Rackable,2,DELL,PowerEdge R710,2GC2F4J,228,"0,99",,,∞,,Cluster Messagerie,DOIP,Déménagement,2,S2,1,0,0,,2,,,,4,0,2RJ,,,,,,,,,,,,
TPB -1,DEM3,LDAPSMB-02,Serveur,1,Rackable,2,DELL,PowerEdge R710,FFC2F4J,228,"0,99",,,∞,,Cluster Messagerie,DOIP,Déménagement,4,Stock,,0,0,,1,,,,4,0,2RJ,,,,,,,,,,,,
TPB -1,DEM3,LDAPSMB-08,Serveur,1,Rackable,2,DELL,PowerEdge R820,8KMKF02,364,"1,58",,,∞,,Cluster Messagerie,DOIP,Déménagement,2,S2,1,2,0,,1,,,,4,1,,,1FC,1FC,,,,,,,,,
TPB -1,DEM3,PROXYAUTH-02,Serveur,1,Rackable,2,DELL,PowerEdge R710,76XX75J,152,"0,66",,,∞,,Cluster admin,DOIP,Déménagement,4,Stock,,0,0,,2,,,,4,1,,,,,,,,,,,,,
TPB -1,DEM3,PROXYPRO-02,Serveur,1,Rackable,2,DELL,PowerEdge R710,96XX75J,185,"0,80",,,∞,,Cluster admin,DOIP,Déménagement,2,S2,1,0,0,,2,,,,4,1,,,,,,,,,,,,,
TPB -1,DEM3,RELGREYNG-02,Serveur,1,Rackable,2,DELL,PowerEdge R710,JFC2F4J,228,"0,99",,,∞,,Cluster Messagerie,DOIP,Déménagement,2,S2,1,0,0,,1,,,,4,0,2RJ,,,,,,,,,,,,
TPB -1,DEM3,RELTERNET-02,Serveur,1,Rackable,4,DELL,PowerEdge 6850,46YNK3J,760,"3,30",,,∞,,Cluster Messagerie,DOIP,Déménagement,2,S2,1,0,0,,2,,,,2,0,,,,,,,,,,,,,
TPB -1,DEM3,RELTERNET-04,Serveur,1,Rackable,4,DELL,PowerEdge 6850,G5YNK3J,760,"3,30",,,∞,,Cluster Messagerie,DOIP,Déménagement,2,S2,1,0,0,,2,,,,2,0,,,,,,,,,,,,,
TPB -1,DEM3,RP-INTRA-02,Serveur,1,Rackable,1,DELL,PowerEdge R610,3643H4J,174,"0,76",,,∞,,Cluster admin,DOIP,Déménagement,2,S2,1,0,0,,1,,,,4,1,,,,,,,,,,,,,
TPB -1,DEM3,RP-INTRA-04,Serveur,1,Rackable,1,DELL,PowerEdge R610,6H0LR4J,96,"0,42",,,∞,,Cluster admin,DOIP,Déménagement,2,S2,1,0,0,,1,,,,4,0,,,,,,,,,,,,,
TPB -1,DEM3,RP-INTRA-06,Serveur,1,Rackable,1,DELL,PowerEdge R610,FX6M15J,167,"0,73",,,∞,,Cluster admin,DOIP,Déménagement,2,S2,1,0,0,,1,,,,4,1,,,,,,,,,,,,,
TPB -1,DEM3,SAFITA-02,Serveur,1,Rackable,1,DELL,PowerEdge R610,FBD2F4J,178,"0,77",,,∞,,Cluster admin,DOIP,Déménagement,2,S2,1,0,0,,1,,,,4,0,2RJ,2RJ,,,,,,,,,,,
TPB -1,DEM3,ZP-02,Serveur,1,Rackable,2,DELL,PowerEdge R810,G3Y6X4J,416,"1,81",,,∞,,Cluster Messagerie,DOIP,Déménagement,2,S2,1,0,0,,1,,,,4,0,,,,,,,,,,,,,
TPB -1,DEM4,BO-PROD-02,Serveur,1,Rackable,2,DELL,PowerEdge R710,J1WKR4J,172,"0,75",,,,,Singleton admin,DOIP,Déménagement,3,S1,2,0,0,,2,,,,4,0,,,,,,,,,,,,,
TPB -1,DEM4,DEBMIROIR-NAT-02,Serveur,1,Rackable,2,DELL,PowerEdge 2950,5YN054J,350,"1,52",,,,,Singleton admin,DOIP,Déménagement,3,S1,2,0,0,,1,,,,2,0,2RJ,,,,,,,,,,,,
TPB -1,DEM4,H-ACAI-06,Serveur,1,Rackable,2,DELL,PowerEdge R820,4PH4ZZ1,196,"0,85",,,∞,,Cluster admin,DOIP,Déménagement,2,S2,1,2,2,,6,,,,4,1,4RJ,1FC,,,,1FC,,,,,,,
TPB -1,DEM4,H-ACAI-08,Serveur,1,Rackable,2,DELL,PowerEdge R820,GPH4ZZ1,210,"0,91",,,∞,,Cluster admin,DOIP,Déménagement,2,S2,1,2,2,,6,,,,4,1,4RJ,1FC,,,,1FC,,,,,,,
TPB -1,DEM4,H-INFRA-02,Serveur,1,Rackable,2,DELL,PowerEdge R810,G16975J,422,"1,83",,,∞,,Cluster admin,DOIP,Déménagement,2,S2,1,4,2,,6,,,,4,1,4RJ,,,,2FC,2FC,,,,,,,
TPB -1,DEM4,LB-ACAI-04,Serveur,1,Rackable,1,DELL,PowerEdge R410,8WV6X4J,160,"0,70",,,∞,,Cluster admin,DOIP,Déménagement,2,S2,1,0,0,,1,,,,2,1,,,,,,,,,,,,,
TPB -1,DEM4,LB-INTER-02,Serveur,1,Rackable,1,DELL,PowerEdge R610,C2F925J,105,"0,46",,,∞,,Cluster admin,DOIP,Déménagement,2,S2,1,0,0,,2,,,,4,1,,,,,,,,,,,,,
TPB -1,DEM4,LB-M2-02,Serveur,1,Rackable,1,DELL,PowerEdge R610,92F925J,118,"0,51",,,∞,,Cluster admin,DOIP,Déménagement,2,S2,1,0,0,,1,,,,4,1,,,,,,,,,,,,,
TPB -1,DEM4,LOG-02,Serveur,1,Rackable,2,DELL,PowerEdge R710,DFC2F4J,228,"0,99",,,,,Singleton admin,DOIP,Déménagement,3,S1,2,0,0,,2,,,,4,0,2RJ,,,,,,,,,,,,
TPB -1,DEM4,M2-HACLUSTER-QUAL-02,Serveur,1,Rackable,1,DELL,PowerEdge R610,24XWD5J,110,"0,48",,,∞,,Cluster Messagerie,DOIP,Déménagement,2,S2,1,0,0,,2,,,,4,1,,,,,,,,,,,,,
TPB -1,DEM4,PNE-EOLE-02,Serveur,1,Rackable,1,DELL,PowerEdge R610,7G2LR4J,145,"0,63",,,∞,,Cluster admin,DOIP,Déménagement,4,Stock,,0,0,,1,,,,4,0,,,,,,,,,,,,,
TPB -1,DEM4,PNE-EOLE-04,Serveur,1,Rackable,2,DELL,PowerEdge R710,J5QX75J,210,"0,91",,,,?,Singleton admin,DOIP,Déménagement,3,S1,2,0,0,,2,,,,4,1,,,,,,,,,,,,,
TPB -1,DEM4,PROXYAUTH-04,Serveur,1,Rackable,2,DELL,PowerEdge R710,5SQH05J,152,"0,66",,,∞,,Cluster admin,DOIP,Déménagement,2,S2,1,0,0,,2,,,,4,1,,,,,,,,,,,,,
TPB -1,DEM4,RP-ADER-02,Serveur,1,Rackable,2,DELL,PowerEdge 2950,4HV013J,350,"1,52",,,∞,,Cluster admin,DOIP,Déménagement,2,S2,1,0,0,,1,,,,2,0,2RJ,2RJ,2RJ,,,,,,,,,,
TPB -1,DEM4,RP-INTER-02,Serveur,1,Rackable,2,DELL,PowerEdge R710,H1WKR4J,180,"0,78",,,∞,,Cluster admin,DOIP,Déménagement,2,S2,1,0,0,,2,,,,4,0,,,,,,,,,,,,,
TPB -1,DEM4,SGBD-SITADEL-02,Serveur,1,Rackable,2,DELL,PowerEdge R810,HXQ6X4J,416,"1,81",,,,,Singleton DG,DOIP,Déménagement,3,S1,3,0,0,,1,,,,4,0,,,,,,,,,,,,,
TPB -1,DEM4,VMAC-02,Serveur,1,Rackable,2,DELL,PowerEdge 2950,4P3DW3J,350,"1,52",,,,,bureautique,DOIP/ATL,Déménagement,2,S1,3,0,0,,1,,,,2,0,2RJ,2RJ,,,,,,,,,,,
TPB -1,DEM5,CGDD-04,Serveur,1,Rackable,5,DELL,PowerEdge 2900,5ZXS25J,930,"4,04",,,,,Singleton DG,CGDD,Déménagement,3,S1,3,0,0,,1,,,,,,,,,,,,,,,,,,
TPB -1,DEM5,CGDD-05,Robot,1,Rackable,2,DELL,PowerVault 124T,,,,,,,,Singleton DG,CGDD,Déménagement,3,S1,3,,,,0,,,,,,,,,,,,,,,,,,
TPB -1,DEM5,CGDD-06,Robot,1,Rackable,2,QUANTUM,SuperLoader 3,,,,,,,,Singleton DG,CGDD,Déménagement,3,S1,3,,,,0,,,,,,,,,,,,,,,,,,
TPB -1,DEM5,CGDD-07,Librairie,1,Rackable,2,ARKEIA,EdgeFort,,,,,,,,Singleton DG,CGDD,Déménagement,3,S1,3,,,,1,,,,,,,,,,,,,,,,,,
TPB -1,DEM5,CGDD-08,Serveur,1,Rackable,2,DELL,PowerEdge R710,7V1Z75J,177,"0,77",,,,,Singleton DG,CGDD,Déménagement,3,S1,3,0,0,,7,,,,4,,,,,,,,,,,,,,
TPB -1,DEM5,CGDD-09,Serveur,1,Rackable,2,DELL,PowerEdge R710,8V1Z75J,186,"0,81",,,,,Singleton DG,CGDD,Déménagement,3,S1,3,0,0,,6,,,,4,,,,,,,,,,,,,,
TPB -1,DEM5,CGDD-10,Baie de disques,1,Rackable,2,DELL,PS 4100,,,,,,,,Singleton DG,CGDD,Déménagement,3,S1,3,,0,,4,,,,,,,,,,,,,,,,,,
TPB -1,DEM5,CGDD-11,Baie de disques,1,Rackable,2,DELL,PS 4100,,,,,,,,Singleton DG,CGDD,Déménagement,3,S1,3,,0,,6,,,,,,,,,,,,,,,,,,
TPB -1,DEM5,CGDD-SW1,Commutateur LAN,1,Rackable,1,DELL,PowerConnect 6424,,,,,,,,Singleton DG,CGDD,Déménagement,3,S1,3,,,,,,,,,,,,,,,,,,,,,,
TPB -1,DEM5,CGDD-SW2,Commutateur LAN,1,Rackable,1,DELL,PowerConnect 6424,,,,,,,,Singleton DG,CGDD,Déménagement,3,S1,3,,,,,,,,,,,,,,,,,,,,,,
TPB -1,DEM5,DGPR – S3IC PRE_PROD,Serveur,1,Rackable,1,HP,DL 160 G6,,,,,,,,Singleton DG,DGPR,Déménagement,3,S1,3,0,0,,1,PORT 2,,,2,,,,,,,,,,,,,,
TPB -1,DEM5,DGPR-WIN 2012 S3IC,Serveur,1,Rackable,1,HP,DL 160 G6,,,,,,,,Singleton DG,DGPR,Déménagement,3,S1,3,0,0,,1,,,,2,,,,,,,,,,,,,,
TPB -1,DEM5,Disponible (Récup SMILE),Serveur,1,Rackable,2,DELL,PowerEdge R710,4SQH05J,,,,,,,Stock,DOIP,Déménagement,4,Stock,,,,,1,,,,4,,,,,,,,,,,,,,
TPB -1,DEM5,VMAC-03,Serveur,1,Rackable,2,DELL,PowerEdge R710,4SQH05J,186,,,,,,bureautique,DOIP/ATL,Déménagement,4,S1,3,,0,,2,,,,4,,,,,,,,,,,,,,
TPB -1,DEM6,LDAPSMB-09,Serveur,1,Rackable,2,DELL,PowerEdge R820,9ZQPQ52,280,"1,22",,,∞,,Cluster Messagerie,DOIP,Déménagement,4,S1,1,1,0,,2,,,,4,1,,,4RJ,,,1FC,,,,,,,
TPB -1,DEM6,LDAPSMB-10,Serveur,1,Rackable,2,DELL,PowerEdge R820,5ZQPQ52,280,"1,22",,,∞,,Cluster Messagerie,DOIP,Déménagement,2,S2,1,1,0,,2,,,,4,1,,,4RJ,,,1FC,,,,,,,
TPB -1,DEM6,ORACLE-04,Serveur,1,Rackable,2,DELL,PowerEdge R730,G0XNQ52,308,"1,34",,,,,Singleton admin,DOIP,Déménagement,3,S1,2,0,0,,2,,,,4,1,,,,,,,,,,,,,
TPB -1,DEM6,ORACLE-05,Serveur,1,Rackable,2,DELL,PowerEdge R730,31XNQ52,308,"1,34",,,,,Singleton admin,DOIP,Déménagement,3,S1,2,0,0,,2,,,,4,1,,,,,,,,,,,,,
TPB -1,DEM6,ORACLE-06,Serveur,1,Rackable,2,DELL,PowerEdge R730,HZWNQ52,308,"1,34",,,,,Singleton admin,DOIP,Déménagement,3,S1,2,0,0,,2,,,,4,1,,,,,,,,,,,,,
TPB -1,DEM6,ORACLE-07,Serveur,1,Rackable,2,DELL,PowerEdge R730,50WNQ52,308,"1,34",,,,,Singleton admin,DOIP,Déménagement,3,S1,2,0,0,,2,,,,4,1,,,,,,,,,,,,,
TPB -1,DEM6,ORACLE-08,Serveur,1,Rackable,2,DELL,PowerEdge R730,C0XNQ52,308,"1,34",,,,,Singleton admin,DOIP,Déménagement,3,S1,2,0,0,,2,,,,4,1,,,,,,,,,,,,,
TPB -1,DEM6,ORACLE-09,Serveur,1,Rackable,2,DELL,PowerEdge R730,90XNQ52,308,"1,34",,,,,Singleton admin,DOIP,Déménagement,3,S1,2,0,0,,2,,,,4,1,,,,,,,,,,,,,
TPB -1,DEM6,PG-REPLICATION-01,Serveur,1,Rackable,2,DELL,PowerEdge R820,20RPQ52,280,"1,22",,,∞,,Cluster admin,DOIP,Déménagement,4,S1,1,1,0,,2,,,,4,1,,,4RJ,,,1FC,,,,,,,
TPB -1,DEM6,PG-REPLICATION-02,Serveur,1,Rackable,2,DELL,PowerEdge R820,GYQPQ52,280,"1,22",,,∞,,Cluster admin,DOIP,Déménagement,2,S2,1,1,0,,2,,,,4,1,,,4RJ,,,1FC,,,,,,,
TPB -1,DEM6,PG-REPLICATION-03,Serveur,1,Rackable,2,DELL,PowerEdge R820,GZQPQ52,280,"1,22",,,∞,,Cluster admin,DOIP,Déménagement,4,S1,2,1,0,,2,,,,4,1,,,4RJ,,,1FC,,,,,,,
TPB -1,DIEPPE,BAIE AJARIS,Baie de disques,1,Rackable,3,IBM,EXP 400,,500,,,,,,Singleton DG,ATL,A dégager,0,,,,,,,,,,,,,,,,,,,,,,,,
TPB -1,DIEPPE,DGPR,Baie de disques,1,Rackable,3,DELL,PowerVault MD1000,,480,"2,09",,,,,Singleton DG,DGPR,Déménagement,3,S1,3,,,,,,,,,,,,,,,,,,,,,,
TPB -1,DIEPPE,DGPR-03,Serveur,1,Rackable,2,DELL,PowerEdge R810,70J5C5J,290,"1,26",,,,,Singleton DG,DGPR,Déménagement,3,S1,3,0,0,,1,,,,4,,,,,,,,,,,,,,
TPB -1,DIEPPE,DGPR-04,Serveur,1,Rackable,1,DELL,PowerEdge R610,1NM5C5J,100,"0,43",,,,,Singleton DG,DGPR,Déménagement,3,S1,3,0,0,,1,,,,4,,,,,,,,,,,,,,
TPB -1,DIEPPE,DGPR-05,Serveur,1,Rackable,1,DELL,PowerEdge R610,14XWD5J,100,"0,43",,,,,Singleton DG,DGPR,Déménagement,3,S1,3,0,0,,1,PORT 4,,,4,,,,,,,,,,,,,,
TPB -1,DIEPPE,GIDIC,Serveur,1,Rackable,4,DELL,PowerEdge 6850,54D863J,760,"3,30",,,,,Singleton DG,DGPR,Déménagement,3,S1,3,0,0,,1,,,,2,,,,,,,,,,,,,,
TPB -1,DIEPPE,SRV01-DPMA,Serveur,1,Rackable,4,HP,Proliant DL580 G7,CZJ1040DC2,1290,"5,61",,,,,Singleton DG,DPMA,Déménagement,3,S1,3,0,0,,1,,,,,,,,,,,,,,,,,,
TPB -1,DIVERS 1,AFSERVICE-01,Serveur,1,Rackable,1,DELL,PowerEdge R610,4643H4J,193,"0,84",3.9,G2-D3,,,Singleton Messagerie,DOIP,Déménagement,4,S1,2,0,0,,1,,,,4,1,,,,,,,,,,,,,
TPB -1,DIVERS 1,COLLECTD-01,Serveur,1,Rackable,1,DELL,PowerEdge R610,J3XWD5J,113,"0,49",3.9,G2-D3,,,Singleton admin,DOIP,Déménagement,3,S1,2,0,0,,1,,,,4,1,,,,,,,,,,,,,
TPB -1,DIVERS 1,DEBMIROIR-NAT-01,Serveur,1,Rackable,2,DELL,PowerEdge 2950,4YN054J,350,"1,52",D.39,G2-D2,,,Singleton admin,DOIP,Déménagement,3,S1,2,0,0,,1,,,,2,0,,2RJ,,,,,,,,,,,
TPB -1,DIVERS 1,ETL-01,Serveur,1,Rackable,2,DELL,PowerEdge R710,FJT5L4J,200,"0,87",3.9,G2-D3,,,Singleton admin,DOIP,Déménagement,3,S1,2,0,0,,2,,,,4,0,,,,,,,,,,,,,
TPB -1,DIVERS 1,ETL-03,Serveur,1,Rackable,2,DELL,PowerEdge R820,HLGZ7X1,140,"0,61",3.9,G2-D3,,,Singleton admin,DOIP,Déménagement,3,S1,2,2,0,,2,,,,4,1,,,,,,2FC,,,,,,,
TPB -1,DIVERS 1,H-RH-03,Serveur,1,Rackable,2,DELL,PowerEdge R820,HM1D5Y1,170,"0,74",D.39,G2-D3,∞,,Cluster admin,DOIP,Déménagement,3,S1,2,2,2,,4,,,,4,1,,,,,,8FC,,,,,,,
TPB -1,DIVERS 1,LOG-03,Serveur,1,Rackable,2,DELL,PowerEdge R710,B6FXD5J,197,"0,86",3.9,G2-D3,,,Singleton admin,DOIP,Déménagement,3,S1,2,0,0,,1,,,,4,1,,,,,,,,,,,,,
TPB -1,DIVERS 1,ME-CTRL-01,Serveur,1,Rackable,4,DELL,PowerEdge R900,4QYH34J,770,"3,35",,,,,Stock,DOIP,Déménagement,4,Stock,,2,2,,1,,,,4,0,,,,,,1FC,1FC,,,,,,
TPB -1,DIVERS 1,ME-CTRL-02,Serveur,1,Rackable,4,DELL,PowerEdge R900,1QYH34J,770,"3,35",,,,,Stock,DOIP,Déménagement,4,Stock,,2,2,,3,,,,4,0,,,,,,1FC,1FC,,,,,,
TPB -1,DIVERS 1,MELANISSIMO-01,Serveur,1,Rackable,2,DELL,PowerEdge 2950,6BNSZ2J,350,"1,52",3.9,G2-D3,,,Singleton Messagerie,DOIP,A dégager,0,,,0,0,,1,,,,2,0,2RJ,,,,,,,,,,,,
TPB -1,DIVERS 1,PNE-EOLE-01,Serveur,1,Rackable,1,DELL,PowerEdge R610,8G2LR4J,150,"0,65",3.9,G2-D2,∞,,Cluster admin,DOIP,Déménagement,4,Stock,,0,0,,1,,,,4,0,,,,,,,,,,,,,
TPB -1,DIVERS 1,PNE-EOLE-03,Serveur,1,Rackable,2,DELL,PowerEdge R710,H5QX75J,180,"0,78",3.9,G2-D3,,,Singleton admin,DOIP,Déménagement,3,S1,2,0,0,,2,,,,4,1,,,,,,,,,,,,,
TPB -1,DIVERS 1,PROXYAUTH-01,Serveur,1,Rackable,2,DELL,PowerEdge R710,86XX75J,200,"0,87",3.9,G2-D3,∞,,Cluster admin,DOIP,Déménagement,4,Stock,,0,0,,2,,,,4,1,,,,,,,,,,,,,
TPB -1,DIVERS 1,PROXYAUTH-03,Serveur,1,Rackable,2,DELL,PowerEdge R710,7SQH05J,200,"0,87",3.9,G2-D3,∞,,Cluster admin,DOIP,,4,S1,1,0,0,,2,,,,4,1,,,,,,,,,,,,,
TPB -1,DIVERS 1,PROXYPRO-01,Serveur,1,Rackable,2,DELL,PowerEdge R710,B6XX75J,200,"0,87",3.9,G2-D3,∞,,Cluster admin,DOIP,Déménagement,4,S1,1,0,0,,2,,,,4,1,,,,,,,,,,,,,
TPB -1,DIVERS 1,PUPPETDASHBOARD-01,Serveur,1,Rackable,1,DELL,PowerEdge R610,D8FT75J,152,"0,66",3.9,G2-D3,,,Singleton admin,DOIP,Déménagement,3,S1,2,0,0,,1,,,,4,0,,,,,,,,,,,,,
TPB -1,DIVERS 1,SAFEWORLD,Serveur,1,Rackable,2,DELL,PowerEdge 2950,DXLM03J,350,"1,52",,,,,Singleton admin,DOIP,Déménagement,3,S1,2,0,0,,2,,,,2,0,,,,,,,,,,,,,
TPB -1,DIVERS 1,VMAC-01,Serveur,1,Rackable,2,DELL,PowerEdge 2950,5P3DW3J,350,"1,52",D.39,G2-D2,,,bureautique,DOIP/ATL,Déménagement,4,S1,3,0,0,,1,,,,2,0,,,2RJ,,,,,,,,,,
TPB -1,DNS RIE,CEPH-ADMIN,Serveur,1,Rackable,2,DELL,PowerEdge R730,G7KWF82,112,,,,,,Stock,DOIP,Déménagement,4,S1,1,0,0,,0,,,,4,1,,,,,2RJ,,2RJ,,,,,,
TPB -1,DNS RIE,CEPH-MON-00,Serveur,1,Rackable,2,DELL,PowerEdge R730,6LB3J82,193,,,,,,Stock,DOIP,Déménagement,4,S2,1,0,0,,0,,,,4,1,,,,,2RJ,,2RJ,,,,,,
TPB -1,DNS RIE,CEPH-MON-01,Serveur,1,Rackable,2,DELL,PowerEdge R730,6L73J82,196,,,,,,Stock,DOIP,Déménagement,4,S1,1,0,0,,0,,,,4,1,,,,,2RJ,,2RJ,,,,,,
TPB -1,DNS RIE,CEPH-MON-02,Serveur,1,Rackable,2,DELL,PowerEdge R730,6LF3J82,196,,,,,,Stock,DOIP,Déménagement,4,S1,2,0,0,,0,,,,4,1,,,,,2RJ,,2RJ,,,,,,
TPB -1,DNS RIE,CEPH-OSD-00,Serveur,1,Rackable,2,DELL,PowerEdge R730xd,20D3J82,,,,,,,Stock,DOIP,Déménagement,4,S2,1,,,,0,,,,4,1,,,,2RJ,,2RJ,,,,,,,
TPB -1,DNS RIE,CEPH-OSD-01,Serveur,1,Rackable,2,DELL,PowerEdge R730xd,20J3J82,,,,,,,Stock,DOIP,Déménagement,4,S1,1,,,,0,,,,4,1,,,,2RJ,,2RJ,,,,,,,
TPB -1,DNS RIE,CEPH-OSD-02,Serveur,1,Rackable,2,DELL,PowerEdge R730xd,20H3J82,,,,,,,Stock,DOIP,Déménagement,4,S1,2,,,,0,,,,4,1,,,,2RJ,,2RJ,,,,,,,
TPB -1,DNS RIE,H-DNSRIE-CACHEPUB-PARIS01,Serveur,1,Rackable,2,DELL,PowerEdge R720,FYXCJ32,98,"0,43",,,∞,,Cluster admin,DOIP,Déménagement,4,S1,1,1,0,,2,,,,4,1,,,,,,1FC,4RJ,,,,2RJ,,2RJ
TPB -1,DNS RIE,H-DNSRIE-MINISTERIEL-PARIS01,Serveur,1,Rackable,2,DELL,PowerEdge R720,7WXCJ32,98,"0,43",,,∞,,Cluster admin,DOIP,Déménagement,4,S1,1,1,0,,2,,,,4,0?,,,,,,1FC,4RJ,,,,,,
TPB -1,DNS RIE,H-DNSRIE-MINISTERIEL-PARIS02,Serveur,1,Rackable,2,DELL,PowerEdge R720,30YCJ32,98,"0,43",,,∞,,Cluster admin,DOIP,Déménagement,2,S2,1,1,0,,2,,,,4,0?,,,,,,1FC,4RJ,,,,,,
TPB -1,DNS RIE,H-DNSRIE-PUBLIC-PARIS01,Serveur,1,Rackable,2,DELL,PowerEdge R720,71YCJ32,98,"0,43",,,∞,,Cluster admin,DOIP,Déménagement,4,S1,1,1,0,,2,,,,4,0?,,,,,,1FC,4RJ,,,,,,
TPB -1,DNS RIE,H-DNSRIE-PUBLIC-PARIS02,Serveur,1,Rackable,2,DELL,PowerEdge R720,9XXCJ32,98,"0,43",,,∞,,Cluster admin,DOIP,Déménagement,2,S2,1,1,0,,2,,,,4,0?,,,,,,1FC,4RJ,,,,,,
TPB -1,DNS RIE,H-DNSRIE-SOA-PARIS01,Serveur,1,Rackable,2,DELL,PowerEdge R720,DZXCJ32,98,"0,43",,,,,Singleton admin,DOIP,Déménagement,3,S1,2,1,0,,2,,,,4,0?,,,,,,1FC,4RJ,,,,,,
TPB -1,DNS RIE,H-DNSRIE-SOAPUB-PARIS01,Serveur,1,Rackable,2,DELL,PowerEdge R720,F0YCJ32,98,"0,43",,,,,Singleton admin,DOIP,Déménagement,3,S1,2,1,0,,2,,,,4,0?,,,,,,1FC,4RJ,,,,,,
TPB -1,DNS RIE,H-FWRIE-MINISTERIEL-PARIS01,Serveur,1,Rackable,2,DELL,PowerEdge R720,C2YCJ32,98,"0,43",,,∞,,Cluster admin,DOIP,Déménagement,4,S1,1,1,0,,2,,,,4,0?,,,,,,1FC,4RJ,,,,,,
TPB -1,DNS RIE,H-FWRIE-MINISTERIEL-PARIS02,Serveur,1,Rackable,2,DELL,PowerEdge R720,3YXCJ32,98,"0,43",,,∞,,Cluster admin,DOIP,Déménagement,2,S2,1,1,0,,2,,,,4,0?,,,,,,1FC,4RJ,,,,,,
TPB -1,DON 1,DS4500 /1,Baie de disques,8,Rackable,24,IBM,DS4500,,3279,"14,26",,,,,Stockage IBM,DOIP,A dégager,0,,,,0,,0,,,,,,,,,,,,,,,,,,
TPB -1,DON 1,fabric1-03,SAN,1,Rackable,2,Brocade,5300,,,,,,∞,,Commutateur SAN,DOIP,Déménagement,4,Stock,,,,,,,,,,,,,,,,,,,,,,,
TPB -1,DON 1,fabric2-01,SAN,1,Rackable,2,Brocade,5300,,,,,,∞,,Commutateur SAN,DOIP,Déménagement,4,Stock,,,,,,,,,,,,,,,,,,,,,,,
TPB -1,DON 1,REHCTRL-01,Contrôleur,1,Rackable,4,IBM,DS4500,,230,"1,00",,,,,Stockage IBM,DOIP/DOIF,A dégager,0,,,,8,,2,,,,,,,,,,,,,,,,,,
TPB -1,DON 1,rehsan1,SAN,1,Rackable,1,Brocade,4100,,,,,,∞,,Commutateur SAN,DOIP,A dégager,0,,,,,,,,,,,,,,,,,,,,,,,,
TPB -1,DON 1,rehsan2,SAN,1,Rackable,1,Brocade,4100,,,,,,∞,,Commutateur SAN,DOIP,A dégager,0,,,,,,,,,,,,,,,,,,,,,,,,
TPB -1,DON 2,DS4500 /2,Baie de disques,8,Rackable,3,IBM,DS4500,,390,"1,70",,,,,Stockage IBM,DOIP,A dégager,0,,,,0,,0,,,,,,,,,,,,,,,,,,
TPB -1,DON 2,fabric1-62,SAN,1,Rackable,2,Brocade,6520,,,,,,∞,,Commutateur SAN,DOIP,Déménagement,4,S1,,,,,1,,,,,,,,,,,,,,,,,,
TPB -1,DON 2,fabric2-02,SAN,1,Rackable,2,Brocade,5300,,,,,,∞,,Commutateur SAN,DOIP,Déménagement,4,Stock,,,,,,,,,,,,,,,,,,,,,,,
TPB -1,DON 2,fabric2-64,SAN,1,Rackable,2,Brocade,6520,,,,,,∞,,Commutateur SAN,DOIP,Déménagement,4,S1,,,,,1,,,,,,,,,,,,,,,,,,
TPB -1,DON 2,REHCTRL-02,Contrôleur,1,Rackable,4,IBM,DS4500,,230,"1,00",,,,,Stockage IBM,DOIP/DOIF,A dégager,0,,,,8,,2,,,,,,,,,,,,,,,,,,
TPB -1,DON 3,APS ONDULEUR,Onduleur,1,Rackable,2,APC,SMT2200RMI2U,,100,"0,43",,,,,Stockage Pillar,DOIP,Déménagement,4,S1,1,,0,,0,,,,,,,,,,,,,,,,,,
TPB -1,DON 3,APS ONDULEUR,Onduleur,1,Rackable,2,APC,SMT2200RMI2U,,100,"0,43",,,,,Stockage Pillar,DOIP,Déménagement,4,S1,1,,0,,0,,,,,,,,,,,,,,,,,,
TPB -1,DON 3,"PILLAR – Pilot, Slammer, Brick 01-14",Baie de disques,16,Rackable,33,PILLAR,Axiom 600,,5908,"25,69",,,∞,,Stockage Pillar,DOIP,Déménagement,4,S1,1,,4,,2,,,,3,0,,,,,,,,,,,,,
TPB -1,DON-04,APC ONDULEUR,Onduleur,1,Rackable,2,APC,SMT2200RMI2U,,100,"0,43",,,,,Stockage Pillar,DOIP,Déménagement,1,S2,1,,0,,0,,,,,,,,,,,,,,,,,,
TPB -1,DON-04,APC ONDULEUR,Onduleur,1,Rackable,2,APC,SMT2200RMI2U,,100,"0,43",,,,,Stockage Pillar,DOIP,Déménagement,1,S2,1,,0,,0,,,,,,,,,,,,,,,,,,
TPB -1,DON-04,"PILLAR – Pilot, Slammer, Brick 01-14",Baie de disques,16,Rackable,33,PILLAR,Axiom 600,,5908,"25,69",,,∞,,Stockage Pillar,DOIP,Déménagement,1,S2,1,,4,,2,,,,3,0,,,,,,,,,,,,,
TPB -1,ETAGERES,ASTREINTE,Micro,1,Tour,0,HP,,CZC732189N,,"0,00",,,,,Singleton admin,DOIP,A virtualiser,0,,,0,0,,1,,,,,,,,,,,,,,,,,,
TPB -1,ETAGERES,CGDD-01,Serveur,1,Tour,0,DELL,PowerEdge 2800,6KQD72J,320,"1,39",,,,,Singleton DG,CGDD,A dégager,0,,,0,0,,1,,,,,,,,,,,,,,,,,,
TPB -1,ETAGERES,CGDD-02,Serveur,1,Tour,0,DELL,PowerEdge 2800,4ZDJY1J,320,"1,39",,,,,Singleton DG,CGDD,Transfert interne,3,TPB -2,,0,0,,1,,,,,,,,,,,,,,,,,,
TPB -1,ETAGERES,CGDD-03,Serveur,1,Tour,0,DELL,PowerEdge 2800,9JZ9Y1J,320,"1,39",,,,,Singleton DG,CGDD,Transfert interne,3,TPB -2,,0,0,,1,,,,,,,,,,,,,,,,,,
TPB -1,ETAGERES,CGEDD - APPLI RESERVATION,Micro,1,Tour,0,HP,Sempron,CZC0368W2M,,"0,00",,,,,Singleton DG,CGEDD,A virtualiser,0,,,0,0,,1,,,,,,,,,,,,,,,,,,
TPB -1,ETAGERES,CGEDD – CGPC – SIMP,Micro,1,Tour,0,HP,Sempron,CZC9446C1Y,,"0,00",,,,,Singleton DG,CGEDD,A virtualiser,0,,,0,0,,1,,,,,,,,,,,,,,,,,,
TPB -1,ETAGERES,CGEDD-FICHIER1,Serveur,1,Tour,0,DELL,PowerEdge T610,1FZ4Y4J,143,"0,62",,,,,Singleton DG,CGEDD,Déménagement,3,S1,3,0,0,,1,,,,,,,,,,,,,,,,,,
TPB -1,ETAGERES,CGEDD-SBL-CGEDD-01,Serveur,1,Tour,0,DELL,PowerEdge 1800,5J73S1J,650,"2,83",,,,,Singleton DG,CGEDD,A virtualiser,0,,,0,0,,1,,,,,,,,,,,,,,,,,,
TPB -1,ETAGERES,CHLORE,Serveur,1,Tour,0,IBM,Pserie 630 ( 7028-6E4),XDU-6E4-FF81A,330,"1,43",,,,,Singleton admin,DOIP,A dégager,0,,,0,0,,1,,,,,,,,,,,,,,,,,,
TPB -1,ETAGERES,DC-NT-DGITM-HORUS,Serveur,1,Tour,0,DELL,PowerEdge T610,4YS0M4J,150,"0,65",,,,,Singleton DG,DGITM,Déménagement,3,S1,3,0,0,,1,,,,,,,,,,,,,,,,,,
TPB -1,ETAGERES,DC-NT-DGITM-SIG,Serveur,1,Tour,0,DELL,PowerEdge T610,JNVPV4J,156,"0,68",,,,,Singleton DG,DGITM,Déménagement,3,S1,3,0,0,,1,,,,,,,,,,,,,,,,,,
TPB -1,ETAGERES,DGALN / DATA3,Serveur,1,Tour,0,DELL,PowerEdge 2900,BBS1H2J,930,"4,04",,,,,Singleton DG,DGALN,A virtualiser,0,,,0,0,,1,,,,,,,,,,,,,,,,,,
TPB -1,ETAGERES,DGALN / UC – INTRA,Micro,1,Tour,0,HP,Sempron,CCZC944517H,,"0,00",,,,,Singleton DG,DGALN,A virtualiser,0,,,0,0,,1,,,,,,,,,,,,,,,,,,
TPB -1,ETAGERES,DGUHC-APP2 (DGALN),Serveur,1,Tour,0,DELL,PowerEdge 2900,8BS1H2J,930,"4,04",,,,,Singleton DG,DGALN,A virtualiser,0,,,0,0,,1,,,,,,,,,,,,,,,,,,
TPB -1,ETAGERES,DGUHC-DEV1 (DGALN),Serveur,1,Tour,0,DELL,PowerEdge 2900,9BS1H2J,930,"4,04",,,,,Singleton DG,DGALN,A virtualiser,0,,,0,0,,1,,,,,,,,,,,,,,,,,,
TPB -1,ETAGERES,DNS-MAITRE,Serveur,1,Tour,0,DELL,PowerEdge 2400,CGFT50J,330,"1,43",,,,,bureautique,DOIP/ATL,A virtualiser,0,,,0,0,,1,,,,,,,,,,,,,,,,,,
TPB -1,ETAGERES,MAJ.EQUILINUX.ALERTE.I2,Serveur,1,Tour,0,DELL,PowerEdge 2500,10SC90J,600,"2,61",,,,,Singleton admin,DOIP,A dégager,0,,,0,0,,1,,,,,,,,,,,,,,,,,,
TPB -1,ETAGERES,PS-OBS1,Serveur,1,Tour,0,BULL,Escala PowerPC,XAN-F05-00145,400,"1,74",,,,,Singleton DG,DOIP/DOIF,Transfert interne,3,TPB -2,,0,0,,1,,,,,,,,,,,,,,,,,,
TPB -1,ETAGERES,Robot CGEDD,Librairie,1,Rackable,2,DELL,PowerVault 124T,,,"0,00",,,,,Singleton DG,CGEDD,Déménagement,3,S1,3,,,,,,,,,,,,,,,,,,,,,,
TPB -1,INFRA 1,DNS-CS-01,Serveur,1,Rackable,1,DELL,PowerEdge R410,BWV6X4J,160,"0,70",,,,,Singleton admin,DOIP,Déménagement,4,Stock,,0,0,,1,,,,2,0,,,,,,,,,,,,,
TPB -1,INFRA 1,DNSCS-01,Serveur,1,Rackable,1,DELL,PowerEdge R610,2Q0YD5J,140,"0,61",,,,,Singleton admin,DOIP,Déménagement,4,S1,2,2,0,,1,,,,4,1,1FC,1FC,,,,,,,,,,,
TPB -1,INFRA 1,ELASTIC-01,Serveur,1,Rackable,1,DELL,PowerEdge R610,8F5XD5J,131,"0,57",,,∞,,Cluster admin,DOIP,Déménagement,4,S1,1,0,0,,1,,,,4,1,2RJ,2RJ,,,,,,,,,,,
TPB -1,INFRA 1,H-CS-01,Serveur,1,Rackable,4,DELL,PowerEdge R900,3BHBF4J,770,"3,35",2.12,G2-D7,∞,,Cluster admin,DOIP,Déménagement,4,Stock,,0,2,,0,,,,4,1,,,2FC,2FC,1RJ,1RJ,,,,,,,
TPB -1,INFRA 1,H-CS-03,Serveur,1,Rackable,2,DELL,PowerEdge R820,5B4RJ32,224,"0,97",,,∞,,Cluster admin,DOIP,Déménagement,4,S1,1,2,2,,6,,,,4,1,,4RJ,1FC,1FC,,4RJ,,,,,,,
TPB -1,INFRA 1,H-PREPROD-01,Serveur,1,Rackable,2,DELL,PowerEdge R820,3SMKF02,280,"1,22",,,,,Singleton admin,DOIP,Déménagement,3,S1,2,2,0,,4,,,,4,1,,4RJ,1FC,1FC,,,,,,,,,
TPB -1,INFRA 1,H-RIE-PARIS01,Serveur,1,Rackable,2,DELL,PowerEdge R810,HHLT75J,392,"1,70",2.12,,∞,,Cluster admin,DOIP,Déménagement,4,S1,1,0,0,,4,,,,4,0,2FC,,,,,,,,,,,,
TPB -1,INFRA 1,H-SGBD-01,Serveur,1,Rackable,2,DELL,PowerEdge R820,DSMKF02,238,"1,03",,,∞,,Cluster admin,DOIP,Déménagement,4,S1,1,2,2,,4,,,,4,1,,,1FC,1FC,4RJ,,,,,,,,
TPB -1,INFRA 1,LB-ACAI-03,Serveur,1,Rackable,1,DELL,PowerEdge R410,9WV6X4J,160,"0,70",2.12,G2-D7,∞,,Cluster admin,DOIP,Déménagement,4,S1,1,0,0,,1,,,,2,1,,,,,,,,,,,,,
TPB -1,INFRA 1,LB-INTER-01,Serveur,1,Rackable,1,DELL,PowerEdge R610,F8FT75J,124,"0,54",,,∞,,Cluster admin,DOIP,Déménagement,4,S1,1,2,0,,2,,,,4,0,,,,,,,,,,,,,
TPB -1,INFRA 1,M2-HACLUSTER-QUAL-01,Serveur,1,Rackable,1,DELL,PowerEdge R610,7F5XD5J,126,"0,55",,,∞,,Cluster Messagerie,DOIP,Déménagement,4,S1,1,2,0,,2,,,,4,1,1FC,,,,,,,,,,,,
TPB -1,INFRA 1,NSS-01,Serveur,1,Rackable,2,DELL,PowerEdge R710,1TX4H4J,219,"0,95",,,∞,,Virtualisation de stockage,DOIP,Déménagement,4,S1,1,6,6,,4,,,,4,0,2FC,2FC,2FC,2RJ,,,,,,,,,
TPB -1,INFRA 1,RP-ADER-01,Serveur,1,Rackable,2,DELL,PowerEdge 2950,2YN054J,350,"1,52",2.12,G2-D7,∞,,Cluster admin,DOIP,Déménagement,4,S1,1,0,0,,1,,,,2,0,,,,,,,,,,,,,
TPB -1,INFRA 1,RP-INTER-01,Serveur,1,Rackable,2,DELL,PowerEdge R710,G1WKR4J,196,"0,85",,,∞,,Cluster admin,DOIP,Déménagement,4,S1,1,0,0,,2,,,,4,0,,,,,,,,,,,,,
TPB -1,INFRA 1,RP-INTRA-01,Serveur,1,Rackable,1,DELL,PowerEdge R610,J8FT75J,114,"0,50",,,∞,,Cluster admin,DOIP,Déménagement,4,S1,1,0,0,,1,,,,4,0,,,,,,,,,,,,,
TPB -1,INFRA 1,RP-INTRA-03,Serveur,1,Rackable,1,DELL,PowerEdge R610,7H0LR4J,100,"0,43",,,∞,,Cluster admin,DOIP,Déménagement,4,S1,1,0,0,,1,,,,4,0,,,,,,,,,,,,,
TPB -1,INFRA 1,RP-INTRA-05,Serveur,1,Rackable,1,DELL,PowerEdge R610,G8FT75J,124,"0,54",2.12,G2-D7,∞,,Cluster admin,DOIP,Déménagement,4,S1,1,0,0,,1,,,,4,0,,,,,,,,,,,,,
TPB -1,INFRA 1,SAFITA-01,Serveur,1,Rackable,1,DELL,PowerEdge R610,GBD2F4J,190,"0,83",,,∞,,Cluster admin,DOIP,Déménagement,4,S1,1,0,0,,1,,,,4,0,2RJ,2RJ,,,,,,,,,,,
TPB -1,INFRA 1,SUPERVISION-02,Serveur,1,Rackable,2,DELL,PowerEdge R810,5NNXD5J,432,"1,88",2.12,G2-D7,,,Singleton admin,DOIP,Déménagement,3,S1,2,0,0,,1,,,,4,1,,,,,,,,,,,,,
TPB -1,MESS 1,AM1-01,Serveur,1,Rackable,2,DELL,PowerEdge R820,9LGZ7X1,126,"0,55",1.10,G1-D10,∞,,Cluster Messagerie,DOIP,Déménagement,4,S1,1,2,2,,3,,,,4,1,,,,,,2FC,,,,,,,
TPB -1,MESS 1,AM2-01,Serveur,1,Rackable,2,DELL,PowerEdge R820,7LGZ7X1,126,"0,55",1.11,G1-D10,∞,,Cluster Messagerie,DOIP,Déménagement,4,S1,1,2,2,,3,,,,4,1,,,,,,2FC,,,,,,,
TPB -1,MESS 1,AM3-01,Serveur,1,Rackable,2,DELL,PowerEdge R810,1V2YD5J,402,"1,75",1.8,G1-D10,∞,,Cluster Messagerie,DOIP,Déménagement,4,S1,1,2,2,,3,,,,4,1,2FC,,,,,,,,,,,,
TPB -1,MESS 1,AM4-01,Serveur,1,Rackable,2,DELL,PowerEdge R810,5JLT75J,384,"1,67",1.11,G2-D10,∞,,Cluster Messagerie,DOIP,Déménagement,4,S1,1,2,2,,3,,,,4,0,,2FC,,,,,,,,,,,
TPB -1,MESS 1,AM5-01,Serveur,1,Rackable,2,DELL,PowerEdge R820,CLGZ7X1,154,"0,67",1.10,G2-D10,∞,,Cluster Messagerie,DOIP,Déménagement,4,S1,1,2,2,,3,,,,4,1,,,,,,2FC,,,,,,,
TPB -1,MESS 1,AM6-01,Serveur,1,Rackable,2,DELL,PowerEdge R810,4JLT75J,396,"1,72",1.11,G2-D10,∞,,Cluster Messagerie,DOIP,Déménagement,4,S1,1,2,2,,3,,,,4,0,,,,,1FC,1FC,,,,,,,
TPB -1,MESS 1,AM8-01,Serveur,1,Rackable,2,DELL,PowerEdge R810,7JLT75J,384,"1,67",1.11,G2-D10,∞,,Cluster Messagerie,DOIP,Déménagement,4,S1,1,2,2,,3,,,,4,0,,,,,1FC,1FC,,,,,,,
TPB -1,MESS 1,DAVYCAL-03,Serveur,1,Rackable,2,DELL,PowerEdge R810,14Y6X4J,422,"1,83",1.8,G2-D10,∞,,Cluster Messagerie,DOIP,Déménagement,4,S1,1,0,0,,1,,,,4,0,,,,,,,,,,,,,
TPB -1,MESS 1,LDAPSMB-01,Serveur,1,Rackable,2,DELL,PowerEdge R710,CFC2F4J,228,"0,99",1.8,G2-D10,∞,,Cluster Messagerie,DOIP,Déménagement,4,Stock,,0,0,,1,,,,4,0,2RJ,,,,,,,,,,,,
TPB -1,MESS 1,LDAPSMB-03,Serveur,1,Rackable,1,DELL,PowerEdge R610,C8FT75J,184,"0,80",1.8,G1-D10,∞,,Cluster Messagerie,DOIP,Déménagement,4,Stock,,0,0,,1,,,,4,0,,,,,,,,,,,,,
TPB -1,MESS 1,LDAPSMB-07,Serveur,1,Rackable,2,DELL,PowerEdge R820,CV7FNZ1,140,"0,61",,,∞,,Cluster Messagerie,DOIP,Déménagement,4,S1,1,1,0,,1,,,,4,1,,1FC,,,,1FC,,,,,,,
TPB -1,MESS 1,RELTRANET-01,Serveur,1,Rackable,4,DELL,PowerEdge 6850,JMG6B3J,760,"3,30",1.9,G2-D10,∞,,Cluster Messagerie,DOIP,Déménagement,4,S1,1,0,0,,1,,,,2,0,,,,,,,,,,,,,
TPB -1,MESS 1,RELTRANET-03,Serveur,1,Rackable,4,DELL,PowerEdge 6850,3NG6B3J,760,"3,30",1.9,G2-D10,∞,,Cluster Messagerie,DOIP,Déménagement,4,S1,1,0,0,,1,,,,2,0,,,,,,,,,,,,,
TPB -1,MESS 1,ZP-01,Serveur,1,Rackable,2,DELL,PowerEdge R810,H3Y6X4J,420,"1,83",1.8,G2-D10,∞,,Cluster Messagerie,DOIP,Déménagement,4,S1,1,0,0,,1,,,,4,0,,,,,,,,,,,,,
TPB -1,MESS 3,AFLDAPCL-01,Serveur,1,Rackable,1,DELL,PowerEdge R610,2M1XD5J,100,"0,43",2.13,,,,Singleton Messagerie,DOIP,Déménagement,4,S1,2,0,0,,1,,,,4,1,2RJ,2RJ,,,,,,,,,,,
TPB -1,MESS 3,AFLDAPMA-01,Serveur,1,Rackable,1,DELL,PowerEdge R610,H3XWD5J,105,"0,46",2.13,,,,Singleton Messagerie,DOIP,Déménagement,4,S1,2,0,0,,1,,,,4,1,,,,,,,,,,,,,
TPB -1,MESS 3,H-M2-01,Serveur,1,Rackable,4,DELL,PowerEdge R900,5BHBF4J,770,"3,35",,,∞,,Cluster Messagerie,DOIP,Déménagement,4,S1,1,4,2,,6,,,,4,0,,,2FC,2FC,1RJ,1RJ,,,,,,,
TPB -1,MESS 3,HORDE-03,Serveur,1,Rackable,4,DELL,PowerEdge 6850,94TXB3J,760,"3,30",,,∞,,Cluster Messagerie,DOIP,Déménagement,4,S1,1,0,0,,1,,,,2,0,1RJ,,1RJ,,,,VGA,,,,,,
TPB -1,MESS 3,HORDE-05,Serveur,1,Rackable,4,DELL,PowerEdge 6850,74TXB3J,760,"3,30",,,∞,,Cluster Messagerie,DOIP,Déménagement,4,S1,1,0,0,,1,,,,2,0,1RJ,SCSI,1RJ,,,,VGA,,,,,,
TPB -1,MESS 3,LB-M2-01,Serveur,1,Rackable,1,DELL,PowerEdge R610,B2F925J,134,"0,58",2.13,,∞,,Cluster admin,DOIP,Déménagement,4,S1,1,0,0,,1,,,,4,1,,,,,,,,,,,,,
TPB -1,MESS 3,LDAPAP-01,Serveur,1,Rackable,1,DELL,PowerEdge R410,8M6YT4J,251,"1,09",,,∞,,Cluster Messagerie,DOIP,Déménagement,4,S1,1,0,0,,2,,,,2,0,,,,,,,,,,,,,
TPB -1,MESS 3,LDAPBA-01,Serveur,1,Rackable,2,DELL,PowerEdge R710,3GC2F4J,228,"0,99",,,∞,,Cluster Messagerie,DOIP,Déménagement,4,S1,1,0,0,,2,,,,4,0,2RJ,,,,,,,,,,,,
TPB -1,MESS 3,LDAPCL-01,Serveur,1,Rackable,1,DELL,PowerEdge R410,CM6YT4J,147,"0,64",,,∞,,Cluster Messagerie,DOIP,Déménagement,4,S1,1,0,0,,2,,,,2,0,,,,,,,,,,,,,
TPB -1,MESS 3,LDAPMAHA-01,Serveur,1,Rackable,2,DELL,PowerEdge R710,1GC2F4J,228,"0,99",,,∞,,Cluster Messagerie,DOIP,Déménagement,4,S1,1,0,0,,2,,,,4,0,2RJ,,,,,,,,,,,,
TPB -1,MESS 3,LDAPSMB-05,Serveur,1,Rackable,4,DELL,PowerEdge R900,5NVTQ3J,770,"3,35",,,∞,,Cluster Messagerie,DOIP,Déménagement,4,Stock,,2,1,,1,,,,4,0,,,,,,1FC,1FC,,,,,,
TPB -1,MESS 3,RELGREYNG-01,Serveur,1,Rackable,2,DELL,PowerEdge R710,HFC2F4J,228,"0,99",,,∞,,Cluster Messagerie,DOIP,Déménagement,4,S1,1,0,0,,1,,,,4,0,,,,,,,,,,,,,
TPB -1,MESS 3,RELTERNET-01,Serveur,1,Rackable,4,DELL,PowerEdge 6850,J5YNK3J,760,"3,30",,,∞,,Cluster Messagerie,DOIP,Déménagement,4,S1,1,0,0,,2,,,,2,0,,,,,,,,,,,,,
TPB -1,MESS 3,RELTERNET-03,Serveur,1,Rackable,4,DELL,PowerEdge 6850,26YNK3J,760,"3,30",,,∞,,Cluster Messagerie,DOIP,Déménagement,4,S1,1,0,0,,2,,,,2,0,,,,,,,,,,,,,
TPB -1,MESS 3,TEST-CYRUS,Serveur,1,Rackable,1,DELL,PowerEdge R900,5QYH34J,770,"3,35",,,,,Singleton Messagerie,DOIP,Déménagement,4,Stock,,0,0,,1,,,,4,0,,,,,,,,,,,,,
TPB -1,NETAPP1,NETAPP,Baie de disques,4,Rackable,12,NETAPP,FAS 8040,,1017,"4,42",,,∞,,Stockage NETAPP,DOIP,Déménagement,3,S1,1,2,2,,4,,1,,4,2,,,,,,,,,,,,,
TPB -1,NETAPP2,NETAPP,Baie de disques,4,Rackable,12,NETAPP,FAS 8040,,1017,"4,42",,,∞,,Stockage NETAPP,DOIP,Déménagement,3,S2,1,2,2,,4,,1,,4,2,,,,,,,,,,,,,
TPB -1,RH1,H-RH-01,Serveur,1,Rackable,2,DELL,PowerEdge R810,5M5ZY4J,636,"2,77",,,∞,,Cluster admin,DOIP,Déménagement,3,S1,1,4,2,,4,,,,4,0,,2RJ,,,2FC,2FC,,,,,,,
TPB -1,RH1,REH-01,Serveur,1,Rackable,4,IBM,8203-E4A,DXU-P68-654F515,850,"3,70",,,∞,,REHUCIT,DOIP/DOIF,Déménagement,4,S1,3,4,2,,2,,1,1,2,2,2FC,2FC,,2RJ,2RJ,,,,,,,,
TPB -1,RH1,REH-03,Serveur,1,Rackable,4,IBM,8203-E4A,DXU-P68-654F565,850,"3,70",,,∞,,REHUCIT,DOIP/DOIF,Déménagement,4,S1,3,4,2,,2,,1,1,2,2,2FC,2FC,,2RJ,2RJ,,,,,,,,
TPB -1,RH1,REH-05,Serveur,1,Rackable,1,BULL,7042-CR5,65D8DDB,350,"1,52",,,?,,REHUCIT,DOIP/DOIF,Déménagement,4,S1,3,0,0,,2,,1,1,2,,,,,,,,,,,,,,
TPB -1,RH1,REHAPP01 / REHDON01,Serveur,1,Rackable,4,IBM,9117-570,65-BD1DF,1300,"5,65",,,,,REHUCIT,DOIP/DOIF,Déménagement,4,S1,3,2,2,,3,,1,1,1,2,1RJ,1FC,1RJ,1RJ,1FC,,,,,,,,
TPB -1,RH1,REHEXT-01,Serveur,1,Rackable,4,IBM,7311-D20,65-B035A,227,"0,99",,,,,REHUCIT,DOIP/DOIF,Déménagement,4,S1,3,4,4,,0,,0,0,0,0,1FC,,1FC,,1FC,,1FC,,,,,,
TPB -1,RH1,REHHMC-01,Serveur,1,Rackable,5,IBM,Xseries 336,65-9615A,585,"2,54",,,?,,REHUCIT,DOIP/DOIF,Déménagement,4,S1,3,0,0,,1,,1,1,1,,,,,,,,,,,,,,
TPB -1,RH2,H-RH-02,Serveur,1,Rackable,2,DELL,PowerEdge R810,6M5ZY4J,622,"2,70",,,∞,,Cluster admin,DOIP,Déménagement,3,S2,1,4,2,,4,,,,4,0,,2RJ,,,2FC,2FC,,,,,,,
TPB -1,RH2,REH-02,Serveur,1,Rackable,4,BULL,8203-E4A,XDU-P68-652E865,850,"3,70",,,∞,,REHUCIT,DOIP/DOIF,Déménagement,4,S1,3,4,2,,2,,1,1,2,2,,,,,,,,,,,,,
TPB -1,RH2,REH-04,Serveur,1,Rackable,4,BULL,8203-E4A,XDU-P68-645F4D5,850,"3,70",,,∞,,REHUCIT,DOIP/DOIF,Déménagement,4,S1,3,4,2,,2,,1,1,2,2,,,,,,,,,,,,,
TPB -1,RH2,REH-06,Serveur,1,Rackable,1,BULL,7042-CR5,65E07AB,350,"1,52",,,?,,REHUCIT,DOIP/DOIF,Déménagement,4,S1,3,0,0,,1,,1,1,2,0,,,,,,,,,,,,,
TPB -1,RH2,REHEXT-02,Serveur,1,Rackable,4,IBM,7311-D20,65-B034A,227,"0,99",,,,,REHUCIT,DOIP/DOIF,Déménagement,4,S1,3,4,4,,0,,,,,,,,,,,,,,,,,,
TPB -1,RH2,REHHMC-02,Serveur,1,Rackable,5,IBM,Xseries 336,65-9613A,585,"2,54",,,?,,REHUCIT,DOIP/DOIF,Déménagement,4,S1,3,0,0,,2,,,,,,,,,,,,,,,,,,
TPB -1,RH2,REHINF-01 / REHDON-02,Serveur,1,Rackable,4,IBM,9117-570,65-BD17F,1300,"5,65",,,?,,REHUCIT,DOIP/DOIF,A dégager,0,,,2,2,,4,,,,,,,,,,,,,,,,,,
TPB -1,ROUEN,ADMIN-01,Serveur,1,Rackable,2,BULL,Express5800 - 120RG-2,800063990093,600,"2,61",,,,,Singleton Messagerie,DOIP,A dégager,0,,,0,0,,2,,,,2,0,,,,,,,,,,,,,
TPB -1,ROUEN,ADMIN-02,Serveur,1,Rackable,2,BULL,Express5800 - 120RG-2,,600,"2,61",,,,,Singleton Messagerie,DOIP,A dégager,0,,,0,0,,2,,,,2,0,,,,,,,,,,,,,
TPB -1,ROUEN,FRANCIUM,Serveur,1,Rackable,1,HP,Proliant DL360,Gbj539003M,325,"1,41",,,∞,,Cluster admin,DOIP,A dégager,0,,,0,0,,2,,,,2,1,,,,,,,,,,,,,
TPB -1,ROUEN,GALLIUM,Serveur,1,Rackable,1,HP,Proliant DL360,Gbj538063D,,"0,00",,,∞,,Cluster admin,DOIP,A dégager,0,,,0,0,,2,,,,2,1,,,,,,,,,,,,,
TPB -1,ROUEN,TUNGSTENE,Serveur,1,Rackable,1,BULL,Express5800 - 120RD-1,800023910092,350,"1,52",,,,,Singleton admin,DOIP,A dégager,0,,,0,0,,2,,,,2,0,,,,,,,,,,,,,
TPB -1,SAUV 1,DELL ML6000,Librairie,4,Rackable,32,DELL,ML6000,,80,"0,35",,,,,Sauvegarde,DOIP,Déménagement,4,S1,2,14,14,,1,,,,,,,,,,,,,,,,,,
TPB -1,SAUV 1,TINA-01,Serveur,1,Rackable,2,DELL,PowerEdge R820,FLGZ7X1,224,"0,97",3.8,G2-D2,,,Singleton admin,DOIP,Déménagement,4,S1,2,4,4,,2,,,,4,1,2FC,,,,,2FC,,,,,,,
TPB -1,SAUV 1,TINA-03,Serveur,1,Rackable,2,DELL,PowerEdge 2950,3JLT75J,350,"1,52",3.8,G2-D2,,,Singleton admin,DOIP,Déménagement,4,S1,2,4,4,,2,,,,2,0,,2FC,,,,2FC,,,,,,,
TPB -1,SAUV 1,TINA-05,Serveur,1,Rackable,2,DELL,PowerEdge 2950,3YN054J,350,"1,52",3.8,G2-D2,,,Singleton admin,DOIP,Déménagement,4,S1,2,4,4,,1,,,,2,0,2FC,2FC,,,,,,,,,,,
TPB -1,SINGLE 1,ARGENT,Serveur,1,Rackable,1,BULL,Express5800 - 120RD-1,800023890097,350,"1,52",2.11,,,,Singleton admin,DOIP,A dégager,0,,,0,0,,1,,,,2,1,,,,,,,,,,,,,
TPB -1,SINGLE 1,BO-PROD-03,Serveur,1,Rackable,2,DELL,PowerEdge R810,JHLT75J,399,"1,73",D.11,G2-D3,∞,,Cluster admin,DOIP,Déménagement,4,S1,1,0,0,,2,,,,4,0,,,,,,,,,,,,,
TPB -1,SINGLE 1,BO-PROD-04,Serveur,1,Rackable,2,DELL,PowerEdge R810,8JLT75J,400,"1,74",,,∞,,Cluster admin,DOIP,Déménagement,2,S1,2,0,0,,2,,,,4,0,,,,,,,,,,,,,
TPB -1,SINGLE 1,COTTAGE-02,Serveur,1,Rackable,2,DELL,PowerEdge 2950,2BKL64J,350,"1,52",2.11,G2-D4,,,Singleton DG,DOIP,A dégager,0,,,0,0,,1,,,,2,0,,,2RJ,,,,,,,,,,
TPB -1,SINGLE 1,CS-GESTION,Serveur,1,Rackable,4,DELL,PowerEdge 6850,48BSZ2J,760,"3,30",D.38,G2-D4,,,Singleton admin,DOIP,Déménagement,3,S1,2,0,0,,1,,,,2,0,,,,,,,,,,,,,
TPB -1,SINGLE 1,INDEXER-03,Serveur,1,Rackable,2,DELL,PowerEdge R810,FHLT75J,384,"1,67",,,,,Singleton admin,DOIP,Déménagement,3,S1,2,0,0,,1,,,,4,0,,,,,,,,,,,,,
TPB -1,SINGLE 1,IRIDIUM,Serveur,1,Rackable,4,DELL,PowerEdge 6850,1HVCZ2J,760,"3,30",2.11,,,,Singleton admin,DOIP,Déménagement,3,S1,2,0,0,,1,,,,2,0,,ISCI,,,,,,,,,,,
TPB -1,SINGLE 1,LOG-01,Serveur,1,Rackable,2,DELL,PowerEdge R810,259M15J,414,"1,80",D.38,G2-D3,,,Singleton admin,DOIP,Déménagement,3,S1,2,0,0,,1,,,,4,1,,,,,,,,,,,,,
TPB -1,SINGLE 1,MUNIN-01,Serveur,1,Rackable,2,DELL,PowerEdge R710,12WKR4J,373,"1,62",D.38,G2-D3,,,Singleton admin,DOIP,Déménagement,3,S1,2,0,0,,1,,,,4,0,,,,,,,,,,,,,
TPB -1,SINGLE 1,PNE-SYSTEME-02,Serveur,1,Rackable,1,DELL,PowerEdge R610,8G3KR4J,108,"0,47",D.38,G2-D4,,,Singleton admin,DOIP,Déménagement,4,Stock,,0,0,,1,,,,4,0,,,,,,,,,,,,,
TPB -1,SINGLE 1,PUPPETMASTER-01,Serveur,1,Rackable,4,DELL,PowerEdge 6850,38BSZ2J,760,"3,30",2.11,G2-D4,,,Singleton admin,DOIP,Déménagement,3,S1,2,0,0,,1,,,,2,0,,,,,,,,,,,,,
TPB -1,SINGLE 1,PUPPETMASTER-PARIS01,Serveur,1,Rackable,1,DELL,PowerEdge R610,CBD2F4J,200,"0,87",D.38,G2-D4,,,Singleton admin,DOIP,Déménagement,3,S1,2,0,0,,1,,,,4,0,2RJ,2RJ,,,,,,,,,,,
TPB -1,SINGLE 1,SGBD-DEV-A,Serveur,1,Rackable,2,DELL,PowerEdge 2950,6YN054J,350,"1,52",2.11,G2-D4,,,Singleton admin,DOIP,Déménagement,3,S1,2,0,0,,1,,,,2,0,,,,,,,,,,,,,
TPB -1,SINGLE 1,SGBD-DEV-B,Serveur,1,Rackable,2,DELL,PowerEdge R710,GTZ4H4J,230,"1,00",2.11,G2-D4,,,Singleton admin,DOIP,Déménagement,3,S1,2,0,0,,1,,,,4,0,2RJ,,,,,,,,,,,,
TPB -1,SINGLE 1,SGBD-DEV-C,Serveur,1,Rackable,2,DELL,PowerEdge R710,FTZ4H4J,230,"1,00",2.11,G2-D4,,,Singleton admin,DOIP,Déménagement,3,S1,2,0,0,,1,,,,4,0,2RJ,,,,,,,,,,,,
TPB -1,SINGLE 1,SGBD-PRODD-01,Serveur,1,Rackable,2,DELL,PowerEdge R810,J3Y6X4J,418,"1,82",D.38,G2-D4,,,Singleton admin,DOIP,Déménagement,3,S1,2,0,0,,3,,,,4,0,,,,,,,,,,,,,
TPB -1,SINGLE 1,WSUS2008,Serveur,1,Rackable,2,DELL,PowerEdge R710,HLCQP4J,146,"0,63",D.38,G2-D3,,,Singleton admin,DOIP,Déménagement,4,Stock,,0,0,,1,,,,4,1,,,,,,,,,,,,,
TPB -1,SINGLE 3,ETL-02,Serveur,1,Rackable,2,DELL,PowerEdge R710,DJT5L4J,180,"0,78",,,,,Singleton admin,DOIP,Déménagement,3,S1,2,0,0,,2,,,,4,0,,,,,,,,,,,,,
TPB -1,SINGLE 3,ME-CMPT-01,Serveur,1,Rackable,2,DELL,PowerEdge R820,JJMKF02,210,"0,91",,,,,Stock,DOIP,Déménagement,4,Stock,,2,0,,4,,,,4,1,,,1FC,1FC,4RJ,,,,,,,,
TPB -1,SINGLE 3,ME-CMPT-02,Serveur,1,Rackable,2,DELL,PowerEdge R820,BHMKF02,196,"0,85",,,,,Stock,DOIP,Déménagement,4,Stock,,2,0,,4,,,,4,1,,,1FC,1FC,4RJ,,,,,,,,
TPB -1,SINGLE 3,ME-CMPT-03,Serveur,1,Rackable,2,DELL,PowerEdge R820,9JMKF02,182,"0,79",,,,,Stock,DOIP,Déménagement,4,Stock,,2,2,,4,,,,4,1,,,1FC,1FC,4RJ,,,,,,,,
TPB -1,SINGLE 3,ME-FMAN-01,Serveur,1,Rackable,1,DELL,PowerEdge R410,DMG6F5J,160,"0,70",,,,,Stock,DOIP,Déménagement,4,Stock,,0,0,,0,,,,2,1,,,,,,,,,,,,,
TPB -1,SINGLE 3,ME-MANIQ-01,Serveur,1,Rackable,1,DELL,PowerEdge R410,DWV6X4J,160,"0,70",,,,,Stock,DOIP,Déménagement,4,Stock,,0,0,,0,,,,2,0,,,,,,,,,,,,,
TPB -1,SINGLE 3,ME-SVC-01,Serveur,1,Rackable,1,DELL,PowerEdge R410,3MG6F5J,160,"0,70",,,,,Stock,DOIP,Déménagement,4,Stock,,0,0,,2,,,,2,1,,,,,,,,,,,,,
TPB -1,SINGLE 3,ORACLE-01,Serveur,1,Rackable,2,DELL,PowerEdge R720,9HJNV02,196,"0,85",,,,,Singleton admin,DOIP,Déménagement,3,S1,2,2,0,,2,,,,4,1,,,4RJ,1FC,1FC,,,,,,,,
TPB -1,SINGLE 3,ORACLE-02,Serveur,1,Rackable,2,DELL,PowerEdge R720,4FJNV02,168,"0,73",,,,,Singleton admin,DOIP,Déménagement,3,S1,2,2,0,,2,,,,4,1,,,4RJ,1FC,1FC,,,,,,,,
TPB -1,SINGLE 3,ORACLE-03,Serveur,1,Rackable,2,DELL,PowerEdge R720,3GJNV02,196,"0,85",,,,,Singleton admin,DOIP,Déménagement,3,S1,2,2,0,,2,,,,4,1,,,4RJ,1FC,1FC,,,,,,,,
TPB -1,SINGLE 3,ORACLE-PIACD,Serveur,1,Rackable,4,DELL,PowerEdge R910,FVMJR4J,540,"2,35",,,,,Singleton admin,DOIP,Déménagement,3,S1,2,2,0,,2,,,,4,1,,,1FC,1FC,,,,,,,,,
TPB -1,SINGLE 3,URANIUM,Serveur,1,Rackable,4,BULL,Express5800 - 140RC-4,800024750093,800,"3,48",,,,,Singleton admin,DOIP,A dégager,0,,,0,0,,2,,,,2,0,,,,,,,,,,,,,
TPB -1,Stock,BLADE CENTER,Blade,1,Rackable,10,DELL,M1000e,GGZZ75J,,,,,,,Stock,DOIP,Déménagement,4,Stock,,,,,,,,,,,,,,,,,,,,,,,
TPB -1,Stock,BLADE CENTER,Blade,1,Rackable,10,DELL,M1000e,BGCC05J,,,,,,,Stock,DOIP,Déménagement,4,Stock,,,,,,,,,,,,,,,,,,,,,,,
TPB -1,Stock,BO-PROD-01,Serveur,1,Rackable,2,DELL,PowerEdge 2950,FXLM03J,350,"1,52",D.39,G2-D2,,,Stock,DOIP,Déménagement,4,Stock,,0,0,,2,,,,2,,,,,,,,,,,,,,
TPB -1,Stock,CEPH / CONTROLEUR (Tony),Serveur,1,Rackable,2,DELL,PowerEdge R730,6GL0J82,,,,,,,Stock,DOIP,Déménagement,4,S2,1,,,,,,,,4,,,,,,,,,,,,,,
TPB -1,Stock,CEPH / CONTROLEUR (Tony),Serveur,1,Rackable,2,DELL,PowerEdge R730,6GL3J82,,,,,,,Stock,DOIP,Déménagement,4,S1,1,,,,,,,,4,,,,,,,,,,,,,,
TPB -1,Stock,CEPH / CONTROLEUR (Tony),Serveur,1,Rackable,2,DELL,PowerEdge R730,6GM0J82,,,,,,,Stock,DOIP,Déménagement,4,S1,2,,,,,,,,4,,,,,,,,,,,,,,
TPB -1,Stock,CEPH / OSD (Tony),Serveur,1,Rackable,2,DELL,PowerEdge R730xd,20BZH82,,,,,,,Stock,DOIP,Déménagement,4,S2,1,,,,,,,,4,,,,,,,,,,,,,,
TPB -1,Stock,CEPH / OSD (Tony),Serveur,1,Rackable,2,DELL,PowerEdge R730xd,20F3J82,,,,,,,Stock,DOIP,Déménagement,4,S1,1,,,,,,,,4,,,,,,,,,,,,,,
TPB -1,Stock,CEPH / OSD (Tony),Serveur,1,Rackable,2,DELL,PowerEdge R730xd,20G4J82,,,,,,,Stock,DOIP,Déménagement,4,S1,2,,,,,,,,4,,,,,,,,,,,,,,
TPB -1,Stock,CEPH / SEED (Tony),Serveur,1,Rackable,2,DELL,PowerEdge R730,G7HBC72,,,,,,,Stock,DOIP,Déménagement,4,S1,1,,,,,,,,4,,,,,,,,,,,,,,
TPB -1,Stock,Disponible (Récup SMILE),Serveur,1,Rackable,1,DELL,PowerEdge R410,1MPH05J,,,,,,,Stock,DOIP,Déménagement,4,Stock,,,,,,,,,2,,,,,,,,,,,,,,
TPB -1,Stock,Disponible (Récup SMILE),Serveur,1,Rackable,1,DELL,PowerEdge R410,2MPH05J,,,,,,,Stock,DOIP,Déménagement,4,Stock,,,,,,,,,2,,,,,,,,,,,,,,
TPB -1,Stock,Disponible (Récup SMILE),Serveur,1,Rackable,2,DELL,PowerEdge R710,6SQH05j,,,,,,,Stock,DOIP,Déménagement,4,Stock,,,,,,,,,4,,,,,,,,,,,,,,
TPB -1,Stock,Disponible (Récup SMILE),Serveur,1,Rackable,1,DELL,PowerEdge R410,8JMH05J,,,,,,,Stock,DOIP,Déménagement,4,Stock,,,,,,,,,2,,,,,,,,,,,,,,
TPB -1,Stock,Disponible (Récup SMILE),Serveur,1,Rackable,2,DELL,PowerEdge R710,8SQH05J,,,,,,,Stock,DOIP,Déménagement,4,Stock,,,,,,,,,4,,,,,,,,,,,,,,
TPB -1,Stock,Disponible (Récup SMILE),Serveur,1,Rackable,1,DELL,PowerEdge R410,9JMH05J,,,,,,,Stock,DOIP,Déménagement,4,Stock,,,,,,,,,2,,,,,,,,,,,,,,
TPB -1,Stock,Disponible (Récup SMILE),Serveur,1,Rackable,2,DELL,PowerEdge R710,9SQH05J,,,,,,,Stock,DOIP,Déménagement,4,Stock,,,,,,,,,4,,,,,,,,,,,,,,
TPB -1,Stock,Fabric1-66,SAN,1,Rackable,2,Brocade,6520,,,,,,∞,,Commutateur SAN,DOIP,Déménagement,1,S2,1,,,,,,,,,,,,,,,,,,,,,,
TPB -1,Stock,Fabric2-68,SAN,1,Rackable,2,Brocade,6520,,,,,,∞,,Commutateur SAN,DOIP,Déménagement,1,S2,1,,,,,,,,,,,,,,,,,,,,,,
TPB -1,Stock,HP HELION COMPUTE NODE (Tony),Serveur,1,Rackable,2,DELL,PowerEdge R730,21B1J82,,,,,,,Stock,DOIP,Déménagement,4,S2,1,,,,,,,,4,,,,,,,,,,,,,,
TPB -1,Stock,HP HELION COMPUTE NODE (Tony),Serveur,1,Rackable,2,DELL,PowerEdge R730,21C3J82,,,,,,,Stock,DOIP,Déménagement,4,S1,1,,,,,,,,4,,,,,,,,,,,,,,
TPB -1,Stock,HP HELION COMPUTE NODE (Tony),Serveur,1,Rackable,2,DELL,PowerEdge R730,21D2J82 ,,,,,,,Stock,DOIP,Déménagement,4,S1,2,,,,,,,,4,,,,,,,,,,,,,,
TPB -1,Stock,HP HELION SERVICE NODE (Tony),Serveur,1,Rackable,2,DELL,PowerEdge R730xd,24H3J82,,,,,,,Stock,DOIP,Déménagement,4,S2,1,,,,,,,,4,,,,,,,,,,,,,,
TPB -1,Stock,HP HELION SERVICE NODE (Tony),Serveur,1,Rackable,2,DELL,PowerEdge R730xd,24J2J82,,,,,,,Stock,DOIP,Déménagement,4,S1,1,,,,,,,,4,,,,,,,,,,,,,,
TPB -1,Stock,HP HELION SERVICE NODE (Tony),Serveur,1,Rackable,2,DELL,PowerEdge R730xd,7JLYH82,,,,,,,Stock,DOIP,Déménagement,4,S1,2,,,,,,,,4,,,,,,,,,,,,,,
TPB -1,Stock,HS (pour pièces),Serveur,1,Rackable,1,DELL,PowerEdge R610,GX6M15J,,,,,,,Stock,DOIP,Déménagement,4,Stock,,,,,,,,,4,,,,,,,,,,,,,,
TPB -1,Stock,HS (pour pièces),Serveur,1,Rackable,1,DELL,PowerEdge R610,82F925J,,,,,,,Stock,DOIP,Déménagement,4,Stock,,,,,,,,,4,,,,,,,,,,,,,,
TPB -1,Stock,HS (pour pièces),Serveur,1,Rackable,1,DELL,PowerEdge R810,24Y6X4J,,,,,,,Stock,DOIP,Déménagement,4,Stock,,,,,,,,,4,,,,,,,,,,,,,,
TPB -1,Stock,HS (pour pièces),Serveur,1,Rackable,1,DELL,PowerEdge R610,2643H4J,,,,,,,Stock,DOIP,Déménagement,4,Stock,,,,,,,,,4,,,,,,,,,,,,,,
TPB -1,Stock,Hyperviseur (Sébastien),Serveur,1,Rackable,2,DELL,PowerEdge R730,79Y1J82,,,,,,,Stock,DOIP,Déménagement,4,Stock,,,,,,,,,4,,,,,,,,,,,,,,
TPB -1,Stock,Hyperviseur (Sébastien),Serveur,1,Rackable,2,DELL,PowerEdge R730,79YWH82,,,,,,,Stock,DOIP,Déménagement,4,Stock,,,,,,,,,4,,,,,,,,,,,,,,
TPB -1,Stock,Hyperviseur (Sébastien),Serveur,1,Rackable,2,DELL,PowerEdge 730,79Z3J82,,,,,,,Stock,DOIP,Déménagement,4,Stock,,,,,,,,,,,,,,,,,,,,,,,
TPB -1,Stock,Hyperviseur (Sébastien),Serveur,1,Rackable,2,DELL,PowerEdge R730,7B03J82,,,,,,,Stock,DOIP,Déménagement,4,Stock,,,,,,,,,4,,,,,,,,,,,,,,
TPB -1,Stock,Hyperviseur (Sébastien),Serveur,1,Rackable,2,DELL,PowerEdge R730,7B12J82,,,,,,,Stock,DOIP,Déménagement,4,Stock,,,,,,,,,4,,,,,,,,,,,,,,
TPB -1,Stock,LAME BLADE,Lame,1,Rackable,0,DELL,M610,CZ6C05J,,,,,,,Stock,DOIP,Déménagement,4,Stock,,,,,,,,,,,,,,,,,,,,,,,
TPB -1,Stock,LAME BLADE,Lame,1,Rackable,0,DELL,M610,DZ6C05J,,,,,,,Stock,DOIP,Déménagement,4,Stock,,,,,,,,,,,,,,,,,,,,,,,
TPB -1,Stock,SERVEUR A RECYCLER,Serveur,1,Rackable,1,DELL,PowerEdge R610,5643H4J,,,,,,,Stock,DOIP,Déménagement,4,Stock,,,,,,,,,4,,,,,,,,,,,,,,
TPB -1,Stock,SERVEUR A RECYCLER (CYRUS-14),Serveur,1,Rackable,4,DELL,PowerEdge R900,4NVTQ3J,,,,,,,Stock,DOIP,Déménagement,4,Stock,,,,,,,,,4,,,,,,,,,,,,,,
TPB -1,Stock,Serveur de sauvegarde CGEDD,Serveur,1,Rackable,2,DELL,PowerEdge R730,,,,,,,,Stock,DOIP,Déménagement,4,Stock,,,,,,,,,4,,,,,,,,,,,,,,
TPB -1,Stock,Serveur NSS (Vincent),Serveur,1,Rackable,2,DELL,PowerEdge R730,875HZ72,,,,,,,Stock,DOIP,Déménagement,4,Stock,,,,,,,,,4,,,,,,,,,,,,,,
TPB -1,Stock,Serveur NSS (Vincent),Serveur,1,Rackable,2,DELL,PowerEdge R730,8768Z72,,,,,,,Stock,DOIP,Déménagement,4,Stock,,,,,,,,,4,,,,,,,,,,,,,,
TPB -1,Stock,Serveur Oracle (T.Soulabail),Serveur,1,Rackable,2,DELL,PowerEdge R730,78BYH82,,,,,,,Stock,DOIP,Déménagement,4,Stock,,,,,,,,,4,,,,,,,,,,,,,,
TPB -1,Stock,Serveur Oracle (T.Soulabail),Serveur,1,Rackable,2,DELL,PowerEdge R730,78CWH82,,,,,,,Stock,DOIP,Déménagement,4,Stock,,,,,,,,,4,,,,,,,,,,,,,,
TPB -1,Stock,Serveur Oracle (T.Soulabail),Serveur,1,Rackable,2,DELL,PowerEdge R730,78D2J82,,,,,,,Stock,DOIP,Déménagement,4,Stock,,,,,,,,,4,,,,,,,,,,,,,,
TPB -1,Stock,Serveur Oracle (T.Soulabail),Serveur,1,Rackable,2,DELL,PowerEdge R730,78F0J82,,,,,,,Stock,DOIP,Déménagement,4,Stock,,,,,,,,,4,,,,,,,,,,,,,,
TPB -1,Stock,STOCK ou DOMAINES,Serveur,1,Rackable,4,DELL,PowerEdge R900,7NVTQ3J,,,,,,,Stock,DOIP,Déménagement,4,Stock,,,,,,,,,4,,,,,,,,,,,,,,
TPB -1,Stock,STOCK ou DOMAINES,Serveur,1,Rackable,2,DELL,PowerEdge 2950,85QM03J,,,,,,,Stock,DOIP,Déménagement,4,Stock,,,,,,,,,2,,,,,,,,,,,,,,
TPB -1,Stock,STOCK ou DOMAINES,Serveur,1,Rackable,4,DELL,PowerEdge R900,3QYH34J,,,,,,,Stock,DOIP,Déménagement,4,Stock,,,,,,,,,4,,,,,,,,,,,,,,
TPB -1,Stock,STOCK ou DOMAINES,Serveur,1,Rackable,4,DELL,PowerEdge R900,4QYH34J,,,,,,,Stock,DOIP,Déménagement,4,Stock,,,,,,,,,4,,,,,,,,,,,,,,
TPB -1,VMBD1,EOLE-RELAIS-1,Serveur,1,Rackable,1,DELL,PowerEdge R410,6MPH05J,191,,,,∞,,Cluster admin,DOIP,Déménagement,3,S1,,,,,2,,,,2,1,,,,,,,,,,,,,
TPB -1,VMBD1,EOLE-RELAIS-2,Serveur,1,Rackable,1,DELL,PowerEdge R410,4MPH05J,191,,,,∞,,Cluster admin,DOIP,Déménagement,3,S1,,,,,2,,,,2,1,,,,,,,,,,,,,
TPB -1,VMBD1,H-DEV-01,Serveur,1,Rackable,2,DELL,PowerEdge 2950,95QM03J,350,"1,52",,,∞,,Cluster admin,DOIP,Déménagement,4,S1,1,2,2,,4,,,,2,0,2FC,2RJ,2RJ,,,,,,,,,,
TPB -1,VMBD1,H-INFRA-01,Serveur,1,Rackable,2,DELL,PowerEdge R810,H16975J,124,"0,54",,,∞,,Cluster admin,DOIP,Déménagement,4,S1,1,4,2,,3+3,,,,4,1,4RJ,,,,2FC,2FC,,,,,,,
TPB -1,VMBD1,H-RECETTE-01,Serveur,1,Rackable,2,DELL,PowerEdge R820,6B4RJ32,224,"0,97",,,,,Singleton admin,DOIP,Déménagement,3,S1,2,2,0,,2+2,,,,4,1,,4RJ,1FC,1FC,,4RJ,,,,,,,
TPB -1,VMBD1,H-SEC-01,Serveur,1,Rackable,1,DELL,PowerEdge R730,7B20J82,322,,,,∞,,Cluster admin,DOIP,Déménagement,4,S1,1,,,,2+2+2,,,,4,1,,,,2RJ,,,2RJ,,,,,,
TPB -1,VMBD1,NTP-01,Serveur,1,Rackable,1,DELL,PowerEdge R410,5MPH05J,146,,,,∞,,Cluster admin,DOIP,Déménagement,4,S1,1,,,,2,,,,2,1,,,,,,,,,,,,,
TPB -1,VMBD1,SGBD-PRODB-01,Serveur,1,Rackable,4,DELL,PowerEdge R900,2QYH34J,770,"3,35",,,,,Singleton admin,DOIP,Déménagement,4,Stock,,2,2,,3,,,,4,0,,,,,,1FC,1FC,,,,,,
TPB -1,VMBD1,SGBD-PRODC-01,Serveur,1,Rackable,4,DELL,PowerEdge R910,DVMJR4J,620,"2,70",,,,,Singleton admin,DOIP,Déménagement,4,Stock,,2,2,,2,,1,,4,1,1FC,1FC,,,,,,,,,,,
TPB -1,VMBD1,SGBD-PRODM2-01,Serveur,1,Rackable,2,DELL,PowerEdge R810,FWT3Y4J,416,"1,81",,,∞,,Cluster Messagerie,DOIP,Déménagement,4,Stock,,2,2,,2,,,,4,0,2RJ,2FC,,,,SAS,,,,,,,
TPB -1,VMBD1,SGBD-SITADEL-01,Serveur,1,Rackable,2,DELL,PowerEdge R810,GXQ6X4J,410,"1,78",,,,,Singleton DG,DOIP,Déménagement,3,S1,3,0,0,,1,,,,4,0,,,,,,,,,,,,,
